NCT Number,Drug,Target
NCT06343038,161Tb-SibuDAB,"PSMA, FOLH1, prostate-specific membrane antigen, glutamate carboxypeptidase II, GCPII, N-acetyl-L-aspartyl-L-glutamate peptidase I, NAALADase I"
NCT07200830,Lutetium Lu 177 Vipivotide Tetraxetan,"PSMA, FOLH1, prostate-specific membrane antigen, glutamate carboxypeptidase II, GCPII, N-acetyl-L-aspartyl-L-glutamate peptidase I, NAALADase I"
NCT06259123,177Lu-PSMA I&T,"PSMA, FOLH1, prostate-specific membrane antigen, glutamate carboxypeptidase II, GCPII, N-acetyl-L-aspartyl-L-glutamate peptidase I, NAALADase I"
NCT06356922,177Lu-PentixaTher,"CXCR4, C-X-C chemokine receptor type 4, CD184, CXC-R4, C-X-C motif chemokine receptor 4,fusin"
NCT06220188,177Lu-PSMA I&T,"PSMA, FOLH1, prostate-specific membrane antigen, glutamate carboxypeptidase II, GCPII"
NCT04085991,131I-PSMA-1095,"PSMA, FOLH1, prostate-specific membrane antigen, glutamate carboxypeptidase II, GCPII"
NCT05983198,225Ac-PSMA-R2,"PSMA, FOLH1, prostate-specific membrane antigen, glutamate carboxypeptidase II, GCPII, folate hydrolase 1"
NCT05983198,68Ga-PSMA-R2,"PSMA, FOLH1, glutamate carboxypeptidase II, GCPII, prostate-specific membrane antigen"
NCT06379217,177Lu-PSMA-617,"FOLH1, PSMA, prostate-specific membrane antigen, glutamate carboxypeptidase II, GCPII"
NCT06379217,177Lu-DOTA-TATE,"SSTR2, somatostatin receptor 2, SS2R, SRL311"
NCT06379217,177Lu-NeoB,"GRPR, gastrin-releasing peptide receptor, BB2, bombesin receptor subtype 2"
NCT07354594,177Lu-PSMA,"PSMA, prostate-specific membrane antigen, FOLH1, folate hydrolase 1, glutamate carboxypeptidase II, GCPII"
NCT04225910,225Ac-PSMA,"PSMA, prostate-specific membrane antigen, FOLH1, glutamate carboxypeptidase II, GCPII, N-acetyl-L-aspartyl-L-glutamate peptidase I, NAALADase I"
NCT06878664,177Lu-Dotatate,"SSTR, SSTR2, somatostatin receptor, somatostatin receptor type 2, SST receptor"
NCT05398302,177Lu-PSMA,"PSMA, FOLH1, prostate-specific membrane antigen, glutamate carboxypeptidase II, GCPII, folate hydrolase 1"
NCT07054346,177Lu-PSMA-617,"PSMA, FOLH1, prostate-specific membrane antigen, glutamate carboxypeptidase II, GCPII"
NCT07054346,225Ac-PSMA-617,"PSMA, FOLH1, prostate-specific membrane antigen, glutamate carboxypeptidase II, GCPII, N-acetyl-L-aspartyl-L-glutamate peptidase I, NAALADase I"
NCT06881823,177Lu-PSMA-R2,"PSMA, FOLH1, prostate-specific membrane antigen, glutamate carboxypeptidase II, GCPII, N-acetyl-L-aspartyl-L-glutamate peptidase I, NAALADase I"
NCT06881823,225Ac-PSMA-R2,"PSMA, FOLH1, prostate-specific membrane antigen, glutamate carboxypeptidase II, GCPII, N-acetyl-L-aspartyl-L-glutamate peptidase I, NAALADase I"
NCT05977322,177Lu-FF58,"ITGAV:ITGB3, alpha-v beta-3 integrin, αvβ3, vitronectin receptor, CD51:CD61; ITGAV:ITGB5, alpha-v beta-5 integrin, αvβ5"
NCT05977322,68Ga-FF58,"ITGB3, integrin subunit beta 3, CD61; ITGB5, integrin subunit beta 5; ITGAV, integrin subunit alpha V, CD51, alpha-v beta-3 integrin, αvβ3; alpha-v beta-5 integrin, αvβ5"
NCT04443062,177Lu-PSMA-617,"PSMA, FOLH1, prostate-specific membrane antigen, glutamate carboxypeptidase II, GCPII, folate hydrolase 1"
NCT06531499,AAA617,"PSMA, FOLH1, prostate-specific membrane antigen, glutamate carboxypeptidase II, GCPII, N-acetyl-L-aspartyl-L-glutamate peptidase I, NAALADase I"
NCT06706921,18F-Fluciclovine,"LAT1, SLC7A5, L-type amino acid transporter 1; ASCT2, SLC1A5, Alanine/Serine/Cysteine-preferring Transporter 2"
NCT04186819,rhPSMA-7.3 (18F),"PSMA, FOLH1, prostate-specific membrane antigen, glutamate carboxypeptidase 2, GCPII, folate hydrolase 1"
NCT06852820,177Lu-PSMA-617,"PSMA, FOLH1, prostate-specific membrane antigen, glutamate carboxypeptidase II, GCPII"
NCT05739942,177Lu-NeoB,"GRPR, gastrin-releasing peptide receptor, BB2, bombesin receptor subtype 2"
NCT05739942,68Ga-NeoB,"GRPR, gastrin-releasing peptide receptor, BB2, bombesin receptor subtype 2"
NCT07261631,177Lu-DFC413,"FAP, fibroblast activation protein alpha, FAPA, seprase, surface-expressed protease"
NCT07261631,68Ga-NNS309,"FAP, fibroblast activation protein, FAPalpha, seprase, prolyl endopeptidase FAP, 170 kDa melanoma membrane-bound gelatinase"
NCT05963386,177Lu-DOTA-EB-FAPI,"FAP, fibroblast activation protein, fibroblast activation protein alpha, FAPalpha, seprase"
NCT06200103,Lutetium Lu 177 Vipivotide Tetraxetan,"PSMA, FOLH1, prostate-specific membrane antigen, glutamate carboxypeptidase II, GCPII"
NCT06454955,68Ga B7H3 Affibody-BCH,"CD276, B7-H3, B7H3, Cluster of Differentiation 276"
NCT06105918,Lutetium Lu 177 PSMA-10.1,"PSMA, glutamate carboxypeptidase II, GCPII, FOLH1, prostate-specific membrane antigen"
NCT05613738,177Lu-PSMA-EB-01,"PSMA, FOLH1, prostate-specific membrane antigen, folate hydrolase 1, glutamate carboxypeptidase II, GCPII"
NCT07006727,225Ac-ETN029,"DLL3, delta-like ligand 3, delta-like protein 3, DLL-3"
NCT07006727,111In-ETN029,"DLL3, delta-like protein 3, delta-like canonical Notch ligand 3, Drosophila Delta homolog 3"
NCT06376253,177Lu-EVS459,"LRRK2, leucine-rich repeat kinase 2, dardarin, RIPK10, ROCO2, PARK8"
NCT06376253,68Ga-EVS459,"FAP, fibroblast activation protein, FAPalpha, fibroblast activation protein alpha, seprase, post-proline cleaving enzyme"
NCT03939689,I-131-1095,"PSMA, FOLH1, prostate-specific membrane antigen, glutamate carboxypeptidase II, GCPII"
NCT07278479,212Pb-Pb-MP0712,"DLL3, delta-like ligand 3, delta-like protein 3, Drosophila Delta-like 3 homolog"
NCT07278479,203Pb-Pb-MP0712,"DLL3, delta-like protein 3, delta-like ligand 3"
NCT06562192,177Lu-NNS309,"FAP, fibroblast activation protein, fibroblast activation protein alpha, FAPA, seprase, prolyl endopeptidase FAP"
NCT06562192,68Ga-NNS309,"FAP, fibroblast activation protein alpha, FAPA, seprase, 170 kDa melanoma membrane-bound gelatinase"
NCT04597411,225Ac-PSMA-617,"PSMA, prostate-specific membrane antigen, FOLH1, folate hydrolase 1, glutamate carboxypeptidase II, GCPII, GCP2"
NCT04597411,68Ga-PSMA-11,"PSMA, FOLH1, prostate-specific membrane antigen, glutamate carboxypeptidase II, GCPII"
NCT06388369,177Lu-PSMA-617,"FOLH1, PSMA, glutamate carboxypeptidase 2, GCPII, prostate-specific membrane antigen"
NCT03490838,177Lu-PSMA-R2,"PSMA, FOLH1, prostate-specific membrane antigen, glutamate carboxypeptidase II, GCPII, N-acetyl-L-aspartyl-L-glutamate peptidase I, NAALADase I"
NCT06361810,177Lu-PNT2002,"PSMA, FOLH1, prostate-specific membrane antigen, glutamate carboxypeptidase II, GCPII, N-acetyl-L-aspartyl-L-glutamate peptidase I, NAALADase I"
NCT06361810,(F-18)-DCFPyL,"PSMA, FOLH1, prostate-specific membrane antigen, glutamate carboxypeptidase II, GCPII, N-acetyl-L-aspartyl-L-glutamate peptidase I, NAALADase I"
NCT04186845,rhPSMA-7.3 (18F),"PSMA, FOLH1, prostate-specific membrane antigen, glutamate carboxypeptidase II, GCPII, folate hydrolase 1"
NCT05725070,212Pb-NG001,"PSMA, FOLH1, prostate-specific membrane antigen, glutamate carboxypeptidase II, GCPII"
NCT04291300,Lutetium-177-PSMA-I&T,"PSMA, FOLH1, prostate-specific membrane antigen, glutamate carboxypeptidase II, GCPII"
NCT04467515,CAM-H2,"HER2, human epidermal growth factor receptor 2, ERBB2, CD340, proto-oncogene Neu, NEU, receptor tyrosine-protein kinase erbB-2"
NCT03042312,177Lu-PSMA-617,"PSMA, FOLH1, prostate-specific membrane antigen, folate hydrolase 1, glutamate carboxypeptidase II, GCPII"
NCT06955169,177Lu-DOTATATE,"SSTR2, somatostatin receptor 2, SS2R, SRIF-1, SST2"
NCT06059014,177Lu-PSMA-1,"PSMA, FOLH1, prostate-specific membrane antigen, glutamate carboxypeptidase 2, GCPII, N-acetyl-L-aspartyl-L-glutamate peptidase I"
NCT07156565,Ac225 RTX-2358,"FAP, Fibroblast activation protein alpha, FAPA, Seprase, 170 kDa melanoma membrane-bound gelatinase, Post-proline cleaving enzyme"
NCT07156565,Cu64 LNTH-1363S,"FAP, fibroblast activation protein alpha, FAPA, seprase, post-proline cleaving enzyme, SIMP, APCE"
NCT05146973,177Lu-DOTA-TLX591,"PSMA, FOLH1, prostate-specific membrane antigen, glutamate carboxypeptidase II, GCPII"
NCT07178938,68Ga-DOTA-TOC,"SSTR2, somatostatin receptor 2, SS2R, SRIF-1, SST2"
NCT06427798,203Pb-VMT-alpha-NET,"SSTR, somatostatin receptors, somatostatin receptor, SS-R, SSR"
NCT06427798,212Pb-VMT-alpha-NET,"SSTR, somatostatin receptors, somatostatin receptor, SS-R, SSTRs"
NCT06855277,225Ac-PSMA-617,"PSMA, FOLH1, prostate-specific membrane antigen, glutamate carboxypeptidase II, GCPII, N-acetyl-L-aspartyl-L-glutamate peptidase I, NAALADase I"
NCT05230251,177Lu-PNT2002,"PSMA, FOLH1, prostate-specific membrane antigen, glutamate carboxypeptidase II, GCPII"
NCT04976257,Gallium Ga-labeled PSMA-11,"PSMA, FOLH1, prostate-specific membrane antigen, glutamate carboxypeptidase II, GCPII, N-acetyl-L-aspartyl-L-glutamate peptidase I, NAALADase I"
NCT03828838,Lu-177 PSMA-617,"PSMA, prostate-specific membrane antigen, FOLH1, folate hydrolase 1, glutamate carboxypeptidase II, GCPII"
NCT06050239,177Lu-PSMA-0057,"PSMA, FOLH1, prostate-specific membrane antigen, glutamate carboxypeptidase II, GCPII, folate hydrolase 1"
NCT05522257,18F-JK-PSMA-7,"PSMA, FOLH1, prostate-specific membrane antigen, glutamate carboxypeptidase II, GCPII, N-acetyl-L-aspartyl-L-glutamate peptidase I, NAALADase I"
NCT03648073,68Ga-DOTATATE,"SSTR, somatostatin receptor, SSR, somatotropin release-inhibiting factor receptor, SRIF receptor"
NCT03648073,177Lu-DOTATATE,"SSTR, Somatostatin Receptor, somatostatin receptors, SSTRs; SSTR2, Somatostatin Receptor 2, SSTR2A, SS2R, SRIF-14 receptor"
NCT06375564,177Lu-AB-3PRGD2,"integrin αvβ3, αvβ3, ITGAV:ITGB3, CD51:CD61, vitronectin receptor"
NCT07052214,68Ga-PSMA-11,"PSMA, FOLH1, prostate-specific membrane antigen, glutamate carboxypeptidase II, GCPII"
NCT06632873,177Lu-TATE-RGD,"SSTR2, somatostatin receptor type 2, somatostatin receptor 2; Integrin αVβ3, vitronectin receptor, ITGAV:ITGB3"
NCT06909825,FPI-2265,"PSMA, glutamate carboxypeptidase II, GCPII, prostate-specific membrane antigen, FOLH1"
NCT05109728,177Lu-DOTA-TATE,"SSTR2, somatostatin receptor 2, SS2R, SRIF-2"
NCT05109728,68Ga-DOTA-TATE,"SSTR2, somatostatin receptor 2, SSTR-2, SSR2, somatostatin receptor type 2"
NCT05521412,161Tb-PSMA-I&T,"PSMA, FOLH1, prostate-specific membrane antigen, glutamate carboxypeptidase II, GCPII, N-acetyl-L-aspartyl-L-glutamate peptidase I, NAALADase I"
NCT06377683,177Lu-Dansyl-PSMA,"PSMA, FOLH1, prostate-specific membrane antigen, glutamate carboxypeptidase II, GCPII, folate hydrolase 1"
NCT07299253,177Lu-TEFAPI-06,"FAP, fibroblast activation protein alpha, FAPA, seprase, 170 kDa melanoma membrane-bound gelatinase, FAPalpha"
NCT05214820,68Ga-PSMA,"PSMA, FOLH1, prostate-specific membrane antigen, glutamate carboxypeptidase II, GCPII"
NCT05363605,225Ac-FPI-1966,"FGFR3, fibroblast growth factor receptor 3, CD333, ACH, CEK2, FGFR-3, JTK4"
NCT05363605,111In-FPI-1967,"FGFR3, fibroblast growth factor receptor 3, CD333, JTK4, HSFGFR3EX"
NCT06964958,177Lu-PSMA-617,"PSMA, FOLH1, prostate-specific membrane antigen, glutamate carboxypeptidase II, GCPII, N-acetyl-L-aspartyl-L-glutamate peptidase I, NAALADase I"
NCT04857502,99mTc-PSMA-I&S,"PSMA, FOLH1, prostate-specific membrane antigen, glutamate carboxypeptidase II, GCPII, N-acetyl-L-aspartyl-L-glutamate peptidase I, NAALADase I"
NCT06147037,225Ac-FPI-2068,"FAP, fibroblast activation protein alpha, FAPA, seprase; EGFR, epidermal growth factor receptor, HER1, ERBB1"
NCT06147037,111In-FPI-2107,"EGFR, Epidermal Growth Factor Receptor, HER1, ERBB, ERBB1, mRENA; GPC3, Glypican-3, OCI-5, SDYS, SGB, SGBS, SGBS1, MXR7"
NCT05432193,Ga-68-PNT6555,"FAP, fibroblast activation protein alpha, FAPA, seprase, surface-expressed protease"
NCT05432193,Lu-177-PNT6555,"FAP, fibroblast activation protein alpha, FAPA, seprase, surgical epithelial reactive antigen, fibroblast activation protein"
NCT04939610,177Lu-FAP-2286,"FAP, fibroblast activation protein, fibroblast activation protein alpha, FAPA, seprase, prolyl endopeptidase FAP"
NCT04939610,68Ga-FAP-2286,"FAP, fibroblast activation protein, fibroblast activation protein alpha, FAPA, seprase, prolyl endopeptidase FAP"
NCT07310355,68Ga-PSMA-0057,"PSMA, FOLH1, prostate-specific membrane antigen, glutamate carboxypeptidase II, GCPII, N-acetyl-L-aspartyl-L-glutamate peptidase I, NAALADase I"
NCT07310355,177Lu-PSMA-0057,"PSMA, FOLH1, prostate-specific membrane antigen, glutamate carboxypeptidase II, GCPII, N-acetyl-L-aspartyl-L-glutamate peptidase I, NAALADase I"
NCT05902247,225Ac-PSMA I&T,"PSMA, FOLH1, prostate-specific membrane antigen, glutamate carboxypeptidase II, GCPII"
NCT06186427,68Ga-DOTA-GPFAPI-04,"FAP, fibroblast activation protein alpha, FAPα, seprase, prolyl endopeptidase FAP, gelatiningase, surface-expressed protease"
NCT06326190,177Lu-DOTATATE,"SSTR, somatostatin receptor, SSTR2, somatostatin receptor type 2, SSTRs, somatostatin receptors"
NCT03125629,F-18 FDG,"glucose metabolism, hexokinase pathway; GLUT, glucose transporters, SLC2A"
NCT03125629,Ga-68-DOTA-TATE,"SSTR2, somatostatin receptor type 2, somatostatin receptor 2, SS2R, SRT2"
NCT05557708,212-Lead Pentixather,"CXCR4, C-X-C chemokine receptor type 4, CD184, CXC-R4, LESTR, fusin, chemokine receptor 4"
NCT05557708,203-Lead Pentixather,"CXCR4, C-X-C chemokine receptor type 4, CD184, CXC-R4, chemokine receptor 4"
NCT04892303,131-I,"NIS, sodium-iodide symporter, SLC5A5, solute carrier family 5 member 5"
NCT01476085,18F-ML10,"Apoptosis, programmed cell death, type I cell death"
NCT03746431,225Ac-FPI-1434,"IGF-1R, insulin-like growth factor 1 receptor, CD221, IGF1R"
NCT03746431,111In-FPI-1547,"IGF-1R, insulin-like growth factor 1 receptor, CD221, IGF1R"
NCT03271281,68Ga-NODAGA-E[c(RGDyK)]2,"Integrin αvβ3, alphavbeta3, vitronectin receptor; Integrin alpha-V beta-3"
NCT06086704,18F-fluorofuranylnorprogesterone,"Progesterone receptor, PR, PGR, NR3C3, nuclear receptor subfamily 3 group C member 3"
NCT05400967,68Ga-FAPI,"FAP, fibroblast activation protein alpha, FAPA, seprase, prolyl endopeptidase FAP, surface-expressed protease"
NCT05400967,177Lu-EB-FAPI,"FAP, fibroblast activation protein alpha, FAPA, seprase, surface-expressed protease"
NCT04831307,68Ga-HTK03149,"PSMA, FOLH1, prostate-specific membrane antigen, glutamate carboxypeptidase II, GCPII"
NCT07197645,153Sm-DOTMP,"Hydroxyapatite, mineralized bone matrix, bone mineral, hydroxyapatite crystal, crystalline calcium phosphate; Bone turnover, bone remodeling, osteoblastic activity"
NCT06638034,68Ga-FAPI-RGD,"FAP, fibroblast activation protein alpha, FAPA, seprase; integrin alpha-v beta-3, integrin avb3, αvβ3 integrin, vitronectin receptor"
NCT06638034,177Lu-FAPI-RGD,"FAP, fibroblast activation protein alpha, FAPA, seprase; integrin alpha-v beta-3, αvβ3, vitronectin receptor"
NCT02578940,18F-Fluciclovine,"LAT1, SLC7A5, large neutral amino acids transporter 1; ASCT2, SLC1A5, alanine/serine/cysteine-preferring transporter 2"
NCT03912428,11C-MC1,"COX-2, cyclooxygenase-2, PTGS2, prostaglandin-endoperoxide synthase 2"
NCT03912428,11C-ER176,"TSPO, translocator protein, peripheral benzodiazepine receptor, PBR, translocator protein (18 kDa)"
NCT06783348,177Lu-PSMA-617,"PSMA, prostate-specific membrane antigen, FOLH1, glutamate carboxypeptidase II, GCPII, N-acetyl-L-aspartyl-L-glutamate peptidase I, NAALADase I"
NCT02088645,177Lu-PP-F11N,"CCK2R, cholecystokinin-2 receptor, CCKBR, cholecystokinin B receptor, CCK-B/gastrin receptor"
NCT03995888,rhPSMA-7.3 (18F),"PSMA, FOLH1, prostate-specific membrane antigen, glutamate carboxypeptidase II, GCPII, Folate hydrolase 1"
NCT05896371,177Lu-PSMA-I&T,"PSMA, FOLH1, prostate-specific membrane antigen, glutamate carboxypeptidase II, GCPII"
NCT04188587,177Lu-PSMA-I&T,"PSMA, prostate-specific membrane antigen, FOLH1, folate hydrolase 1, glutamate carboxypeptidase II, GCPII, GCP2"
NCT05622162,18F-JK-PSMA-7,"PSMA, FOLH1, prostate-specific membrane antigen, glutamate carboxypeptidase II, GCPII"
NCT05570994,177Lu-HTK03170,"PSMA, prostate-specific membrane antigen, FOLH1, glutamate carboxypeptidase II, GCPII"
NCT05570994,68Ga-HTK03149,"PSMA, FOLH1, prostate-specific membrane antigen, glutamate carboxypeptidase II, GCPII"
NCT03207139,Ga-68 PSMA ligand,"PSMA, FOLH1, prostate-specific membrane antigen, glutamate carboxypeptidase II, GCPII, N-acetyl-L-aspartyl-L-glutamate peptidase I, NAALADase I"
NCT06943495,177Lu-PSMA-617,"PSMA, FOLH1, prostate-specific membrane antigen, glutamate carboxypeptidase II, GCPII, N-acetyl-L-aspartyl-L-glutamate peptidase I, NAALADase I"
NCT06383052,177Lu-NYM032,"PSMA, FOLH1, prostate-specific membrane antigen, glutamate carboxypeptidase II, GCPII"
NCT01499654,Tc99-m sestamibi,
NCT04535349,99mTc-labeled bone seeking radiopharmaceuticals,"hydroxyapatite, hydroxylapatite, bone mineral, calcium phosphate, HA"
NCT07214961,AB001,"PSMA, prostate-specific membrane antigen, FOLH1, glutamate carboxypeptidase II, GCPII"
NCT03490032,68Ga-PSMA-R2,"PSMA, FOLH1, prostate-specific membrane antigen, folate hydrolase 1, glutamate carboxypeptidase II, GCPII"
NCT02488070,Gallium Ga 68-labeled PSMA Ligand Glu-urea-Lys(Ahx),"PSMA, FOLH1, prostate-specific membrane antigen, glutamate carboxypeptidase II, GCPII, N-acetyl-L-aspartyl-L-glutamate peptidase I, NAALADase I"
NCT05170555,68Ga-PSMA,"PSMA, FOLH1, prostate-specific membrane antigen, glutamate carboxypeptidase II, GCPII"
NCT05170555,177Lu-EB-PSMA-617,"PSMA, FOLH1, prostate-specific membrane antigen, glutamate carboxypeptidase II, GCPII, N-acetyl-L-aspartyl-L-glutamate peptidase I, NAALADase I"
NCT03549559,11C-Martinostat,"HDAC, histone deacetylase, HDAC1, HDAC2, HDAC3, HDAC6, HDAC8, Class I/IIb histone deacetylases"
NCT01798108,Radium-223 dichloride,"hydroxyapatite, HAp, bone mineral, calcium phosphate, calcium apatite"
NCT07287748,211At-NaAt,"NIS, sodium iodide symporter, SLC5A5, solute carrier family 5 member 5"
NCT02325349,Flotegatide (18F),"Integrin αvβ3, vitronectin receptor; Integrin αvβ5"
NCT02325349,RGD (68Ga),"ITGAV:ITGB3, alphavbeta3 integrin, αvβ3 integrin, vitronectin receptor; ITGAV:ITGB5, alphavbeta5 integrin, αvβ5 integrin"
NCT02236910,Lu-DOTA-TATE,"somatostatin receptor, SSTR, SSTRs, somatostatin receptors"
NCT03278275,68Ga-NOTA-AE105,"UPAR, urokinase plasminogen activator receptor, PLAUR, CD87, urokinase-type plasminogen activator receptor"
NCT04017819,18F-C-SNAT4,"Caspase-3, CASP3, CPP32, SCA-1, Apopain; Caspase-7, CASP7, MCH3, CMH-1, ICE-LAP3"
NCT05547919,18F-PSMA,"PSMA, prostate-specific membrane antigen, FOLH1, folate hydrolase 1, glutamate carboxypeptidase II, GCPII"
NCT01222416,18F-FDG,"Glucose metabolism; glucose transporter, GLUT, SLC2A1, SLC2A2, SLC2A3, SLC2A4; hexokinase, HK1, HK2"
NCT01222416,18F-FLT,"TK1, thymidine kinase 1, cytosolic thymidine kinase; DNA synthesis, cellular proliferation"
NCT06432764,11C-AZ14132516,"ITK, IL2-inducible T-cell kinase, Interleukin-2-inducible T-cell kinase, PSK-B, EMT, LYK"
NCT06303713,177Lu-PSMA-617,"PSMA, FOLH1, prostate-specific membrane antigen, glutamate carboxypeptidase II, GCPII, N-acetyl-L-aspartyl-L-glutamate peptidase I, NAALADase I"
NCT06229366,Ac-225-PSMA-62,"PSMA, FOLH1, prostate-specific membrane antigen, glutamate carboxypeptidase II, GCPII, N-acetyl-L-aspartyl-L-glutamate peptidase I, NAALADase I"
NCT07116486,18F-FSPG,"SLC7A11, xCT, system xC-, amino acid transport system xc-, solute carrier family 7 member 11"
NCT03784625,131I-ICF01012,"Melanin, eumelanin, pheomelanin"
NCT01558362,123I-CMICE-013,"Mitochondrial complex I, NADH:ubiquinone oxidoreductase, Complex I, MC-I"
NCT03693742,18F-DCFPyL,"PSMA, FOLH1, prostate-specific membrane antigen, glutamate carboxypeptidase II, GCPII"
NCT06937268,68Ga-DOTATATE,"SSTR2, somatostatin receptor 2, SS2R, SRIF-1, SSTR-2; SSTR, somatostatin receptor"
NCT05263700,68Ga-FAPi-46,"FAP, fibroblast activation protein alpha, FAPα, seprase, prolyl endopeptidase FAP, 170 kDa melanoma membrane-bound gelatinase"
NCT05799248,rhPSMA-7.3 (18F),"PSMA, FOLH1, prostate-specific membrane antigen, glutamate carboxypeptidase II, GCPII"
NCT06016855,Lutetium Lu 177 Dotatate,"SSTR, somatostatin receptor, SSR, somatostatin receptors"
NCT06016855,Copper Cu 64 Dotatate,"SSTR, somatostatin receptor, SSTRs"
NCT06641219,177Lu-BQ7876,"PSMA, prostate-specific membrane antigen, FOLH1, folate hydrolase 1, glutamate carboxypeptidase II, GCPII"
NCT03030885,131I-MIP-1095,"PSMA, FOLH1, prostate-specific membrane antigen, glutamate carboxypeptidase II, GCPII"
NCT07067346,IR-101,"NET, norepinephrine transporter, SLC6A2, solute carrier family 6 member 2"
NCT05142696,177Lu-DOTA-TATE,"SSTR2, somatostatin receptor 2, SS2R, SRIF-1, somatostatin receptor type 2; SSTR, somatostatin receptor"
NCT05142696,68Ga-DOTA-TATE,"SSTR2, somatostatin receptor 2, SSTR, somatostatin receptor type 2, SSR2, SS2R"
NCT03780075,177Lu-EB-PSMA-617,"PSMA, FOLH1, prostate-specific membrane antigen, glutamate carboxypeptidase II, GCPII, N-acetyl-L-aspartyl-L-glutamate peptidase I, NAALADase I"
NCT04559217,68Ga-DOTATATE,"SSTR2, somatostatin receptor 2, SSTR-2, SSR2, somatostatin receptor type 2"
NCT05799274,68Ga-RAD301,"ITGB6, integrin subunit beta 6, integrin αvβ6, ITB6, alpha-v beta-6 integrin"
NCT03516045,18F-AlF-NOTA-neurotensin,"NTSR1, neurotensin receptor 1, NTR1, NTRR, NTS1, NTS-1, NT-R-1"
NCT06492122,225Ac-FL-020,"PSMA, FOLH1, prostate-specific membrane antigen, glutamate carboxypeptidase II, GCPII, N-acetyl-L-aspartyl-L-glutamate peptidase I, NAALADase I"
NCT06492122,111In-FL-020,"PSMA, FOLH1, prostate-specific membrane antigen, glutamate carboxypeptidase II, GCPII, N-acetyl-L-aspartyl-L-glutamate peptidase I, NAALADase I"
NCT04720157,177Lu-PSMA-617,"PSMA, FOLH1, prostate-specific membrane antigen, glutamate carboxypeptidase II, GCPII, N-acetyl-L-aspartyl-L-glutamate peptidase I, NAALADase I"
NCT04720157,68Ga-PSMA-11,"PSMA, FOLH1, prostate-specific membrane antigen, glutamate carboxypeptidase II, GCPII, N-acetyl-L-aspartyl-L-glutamate peptidase I, NAALADase I"
NCT07096128,177Lu-PSMA-XT,"PSMA, FOLH1, prostate-specific membrane antigen, glutamate carboxypeptidase II, GCPII"
NCT05582876,68Ga-PSMA-11,"PSMA, FOLH1, prostate-specific membrane antigen, glutamate carboxypeptidase II, GCPII, N-acetyl-L-aspartyl-L-glutamate peptidase I, NAALADase I"
NCT06866938,177Lu-PSMA-617,"PSMA, FOLH1, prostate-specific membrane antigen, glutamate carboxypeptidase II, GCPII"
NCT01413113,Iodine I 131,"SLC5A5, sodium-iodide symporter, NIS, solute carrier family 5 member 5; TPO, thyroid peroxidase; Tg, thyroglobulin"
NCT06228482,68Ga DOTA-5G,"Integrin alphavbeta6, ITGAV:ITGB6, Integrin αvβ6, αvβ6 integrin"
NCT06228482,177Lu DOTA-ABM-5G,"Integrin alphavbeta6, ITGAV:ITGB6, integrin αvβ6, αvβ6 integrin, ITGAV-ITGB6 heterodimer"
NCT06155994,68Ga-DOTA-MGS5,"CCK2R, cholecystokinin B receptor, CCKBR, cholecystokinin 2 receptor, CCK-B receptor"
NCT03805594,Lutetium Lu 177-PSMA-617,"PSMA, FOLH1, prostate-specific membrane antigen, glutamate carboxypeptidase II, GCPII, GCP2"
NCT03612466,153Sm-DOTMP,"Hydroxyapatite, mineralized bone matrix, bone mineral, crystalline calcium phosphate; Bone turnover, bone remodeling, osteoblastic activity"
NCT07047118,177Lu vipivotide tetraxetan,"PSMA, FOLH1, prostate-specific membrane antigen, glutamate carboxypeptidase II, GCPII"
NCT04838613,18F-CTT1057,"PSMA, prostate-specific membrane antigen, FOLH1, folate hydrolase 1, glutamate carboxypeptidase II, GCPII"
NCT05410743,177Lu-LNC1010,"SSTR2, somatostatin receptor 2, SS2R, SRIF-14 receptor subtype 2, somatostatin receptor type 2"
NCT00590395,18FDG,"GLUT1, solute carrier family 2 member 1, SLC2A1, glucose transporter member 1; GLUT3, solute carrier family 2 member 3, SLC2A3, glucose transporter member 3"
NCT06247995,177Lu-NeoB,"GRPR, gastrin-releasing peptide receptor, BB2, bombesin receptor subtype 2"
NCT06247995,68Ga-NeoB,"GRPR, gastrin-releasing peptide receptor, BB2, bombesin receptor subtype 2"
NCT04106843,177Lu-DOTATATE,"SSTR2, somatostatin receptor 2, SSTR, somatostatin receptor type 2, SS2R"
NCT05204927,177Lu-PSMA-I&T,"PSMA, folate hydrolase 1, FOLH1, prostate-specific membrane antigen, glutamate carboxypeptidase II, GCPII, N-acetyl-L-aspartyl-L-glutamate peptidase I, NAALADase I"
NCT00365105,Sm-153,"hydroxyapatite, hydroxylapatite, bone mineral, calcium phosphate, Ca10(PO4)6(OH)2"
NCT00365105,Sr-89,"hydroxyapatite, bone mineral, calcium phosphate, crystal phase phosphate hydroxyapatite"
NCT06941480,177Lu-DTPA-SC16.56,"DLL3, delta-like ligand 3, delta-like protein 3"
NCT06390241,Avidin-biotin-Dota-90Y,"Biotin, Vitamin B7, Vitamin H, Coenzyme R; Avidin, AVD"
NCT03511768,18F-AlF-NOTA-octreotide,"SSTR, somatostatin receptor, SSTR1, SSTR2, SSTR3, SSTR4, SSTR5"
NCT07150806,Actinium Ac 225 DOTATATE RYZ101,"SSTR2, Somatostatin Receptor 2, SSTR, somatostatin receptor"
NCT04996602,177Lu-EB-PSMA,"PSMA, FOLH1, glutamate carboxypeptidase II, GCPII, prostate-specific membrane antigen"
NCT05486182,18F-Fluoroestradiol,"ER, estrogen receptor, ESR1, ER-alpha, Estrogen receptor 1"
NCT05410821,177Lu-DOTA-EB-FAPI,"FAP, fibroblast activation protein, FAP alpha, fibroblast activation protein alpha, prolyl endopeptidase FAP, SEPRASE"
NCT06216249,Lutetium Lu 177 Vipivotide Tetraxetan,"PSMA, FOLH1, prostate-specific membrane antigen, glutamate carboxypeptidase II, GCPII, N-acetyl-L-aspartyl-L-glutamate peptidase I, NAALADase I"
NCT06784752,177Lu-DOTA-TATE,"SSTR, somatostatin receptor, SSTR1, SSTR2, SSTR3, SSTR4, SSTR5"
NCT02691078,99mTc-HYNIC-TOC EDDA,"SSTR-2, somatostatin receptor type 2, SSTR2, somatostatin receptor 2"
NCT01428505,18F-PBR111,"TSPO, translocator protein, peripheral benzodiazepine receptor, PBR, translocator protein (18kDa)"
NCT02805608,68Ga-NOTA-AE105,"uPAR, PLAUR, urokinase-type plasminogen activator receptor, CD87, urokinase plasminogen activator receptor"
NCT02278315,I-131-CLR1404,"Phospholipid ethers, PEs, alkylphosphocholine, APCs"
NCT07117214,68Ga-DWJ155,"HER2, ERBB2, human epidermal growth factor receptor 2, CD340, proto-oncogene Neu"
NCT05162573,177Lu-PSMA-617,"PSMA, FOLH1, prostate-specific membrane antigen, glutamate carboxypeptidase 2, GCPII, N-acetyl-L-aspartyl-L-glutamate peptidase I, NAALADase I"
NCT07117760,225Ac-LNC1011,"PSMA, FOLH1, prostate-specific membrane antigen, glutamate carboxypeptidase II, GCPII, N-acetyl-L-aspartyl-L-glutamate peptidase I, NAALADase I"
NCT07117760,68Ga-PSMA-11,"PSMA, FOLH1, prostate-specific membrane antigen, glutamate carboxypeptidase II, GCPII"
NCT04663997,177Lu-PSMA-617,"PSMA, FOLH1, prostate-specific membrane antigen, glutamate carboxypeptidase II, GCPII, folate hydrolase 1"
NCT01730417,Ultratrace Iobenguane 123I-mIBG,"norepinephrine transporter, NET, SLC6A2, noradrenaline transporter"
NCT05622240,99mTc-MIRC213,"HER2, ERBB2, human epidermal growth factor receptor 2, CD340, proto-oncogene Neu, receptor tyrosine-protein kinase erbB-2"
NCT07301827,[68Ga]Ga-DOTA-CAIX peptide,"CAIX, carbon anhydrase IX, G250, CA9, carbonate dehydratase IX, renal cell carcinoma-associated antigen G250"
NCT07301827,[68Ga]Ga-NOTA-CD70 antibody fragment,"CD70, CD70 molecule, TNFSF7, tumor necrosis factor ligand superfamily member 7, CD27L, CD27LG"
NCT07301827,[68Ga]Ga-PSMA,"PSMA, FOLH1, prostate-specific membrane antigen, glutamate carboxypeptidase II, GCPII"
NCT00968409,F18-FFNP,"PGR, progesterone receptor, PR, NR3C3"
NCT06359821,ZA-001,"PSMA, FOLH1, prostate-specific membrane antigen, glutamate carboxypeptidase II, GCPII, N-acetyl-L-aspartyl-L-glutamate peptidase I, NAALADase I"
NCT03013387,90Y-DOTATOC,"SSTR2, somatostatin receptor type 2, SSTR, SS2R, SRIF-14 receptor"
NCT04422457,68Ga-DX600,"ACE2, angiotensin-converting enzyme 2, ACE-related carboxypeptidase, ACEH, angiotensin-converting enzyme homolog, ACE homolog"
NCT05073653,68Ga-GRP,"GRPR, gastrin-releasing peptide receptor, BB2, bombesin receptor subtype 2"
NCT05073653,68Ga-PSMA,"PSMA, FOLH1, glutamate carboxypeptidase II, GCPII, prostate-specific membrane antigen"
NCT06549465,In-111 rosopatamab tetraxetan,"PSMA, FOLH1, prostate-specific membrane antigen, folate hydrolase 1, glutamate carboxypeptidase II, GCPII"
NCT06549465,Ac-225 rosopatamab tetraxetan,"PSMA, FOLH1, prostate-specific membrane antigen, glutamate carboxypeptidase II, GCPII, N-acetyl-L-aspartyl-L-glutamate peptidase I, NAALADase I"
NCT06084338,Pluvicto,"PSMA, FOLH1, prostate-specific membrane antigen, glutamate carboxypeptidase II, GCPII, N-acetyl-L-aspartyl-L-glutamate peptidase I, NAALADase I"
NCT06053424,11C-AZ14132516,"FPR2, formyl peptide receptor 2, ALX, ALXR, FMLP-related receptor I, FMLPX, FPRH1, FPRL1, HM63"
NCT05387603,177Lu-DOTATOC,"SSTR2, somatostatin receptor type 2, somatostatin receptor 2, SSTR-2, SS2R"
NCT06745804,68Ga-R10602,"FAP, fibroblast activation protein, FAPalpha, seprase, 170 kDa melanoma membrane-bound gelatinase"
NCT05114746,177Lu-PSMA-617,"PSMA, FOLH1, prostate-specific membrane antigen, glutamate carboxypeptidase II, GCPII, N-acetyl-L-aspartyl-L-glutamate peptidase I, NAALADase I"
NCT05114746,68Ga-PSMA-11,"PSMA, FOLH1, prostate-specific membrane antigen, glutamate carboxypeptidase II, GCPII, N-acetyl-L-aspartyl-L-glutamate peptidase I, NAALADase I"
NCT04002427,14C-AZD7594,"GR, glucocorticoid receptor, GCCR, GCR, NR3C1, nuclear receptor subfamily 3 group C member 1"
NCT04711135,Lutetium [177Lu] oxodotreotide/dotatate,"SSTR2, somatostatin receptor 2, SSTR, somatostatin receptor subtype 2"
NCT04647526,Lu-177-PNT2002,"PSMA, FOLH1, prostate-specific membrane antigen, glutamate carboxypeptidase II, GCPII"
NCT06939036,225Ac-SSO110,"SSTR2, somatostatin receptor type 2, somatostatin receptor 2, SS2R, SRIF-1"
NCT07121244,68Ga-R11228,"FAP, fibroblast activation protein, FAPalpha, seprase, prolyl endopeptidase FAP"
NCT07121244,177Lu-R11228,"FAP, fibroblast activation protein, fibroblast activation protein alpha, FAPA, seprase, surface-expressed protease"
NCT05364255,14C-AZD9833,"ER, estrogen receptor, ESR1, ER-alpha, estrogen receptor 1, estrogen receptor alpha"
NCT00547612,18F-labeled substance P antagonist receptor quantifier,"NK1R, neurokinin 1 receptor, NK1 receptor, TACR1, tachykinin receptor 1, substance P receptor, SPR"
NCT07023861,89Zr-LNCab190,"HER2, ERBB2, human epidermal growth factor receptor 2, CD340, proto-oncogene Neu"
NCT07023861,89Zr-LNCab002,"ERBB2, HER2, human epidermal growth factor receptor 2, CD340, proto-oncogene Neu, NEU, receptor tyrosine-protein kinase erbB-2"
NCT07023861,89Zr-LNCab072,"HER2, ERBB2, human epidermal growth factor receptor 2, CD340, proto-oncogene Neu, receptor tyrosine-protein kinase erbB-2"
NCT01806675,18F-FPPRGD2,"Integrin alphavbeta3, Integrin αvβ3, Vitronectin receptor, CD51/CD61, ITGAV/ITGB3"
NCT00989105,Technetium Tc 99m Demobesin-4,"GRPR, gastrin-releasing peptide receptor, BB2, bombesin receptor subtype 2"
NCT05605522,225Ac-FPI-2059,"NTSR1, neurotensin receptor 1, NTR1, NTRH"
NCT05605522,111In-FPI-2058,"NTSR1, neurotensin receptor 1, NTR1, NTRH, NTRR"
NCT06008483,153-Sm-DOTMP,"Hydroxyapatite, bone mineral, calcium phosphate, crystalline bone matrix"
NCT05891028,68Ga-EB-ss-CPT,"TOP1, DNA topoisomerase 1, DNA topoisomerase I, Topoisomerase I"
NCT05891028,64Cu-EB-ss-CPT,
NCT07169825,Lu-177,"PSMA, FOLH1, prostate-specific membrane antigen, glutamate carboxypeptidase II, GCPII, N-acetyl-L-aspartyl-L-glutamate peptidase I, NAALADase I"
NCT04675021,14C-AZD6094,"MET, hepatocyte growth factor receptor, HGFR, proto-oncogene c-Met, c-Met, tyrosine-protein kinase Met"
NCT04675021,14C-Savolitinib,"MET, c-Met, hepatocyte growth factor receptor, HGFR, mesenchymal-epithelial transition factor"
NCT07045428,68Ga-GP-01 Injection,"FAP, fibroblast activation protein alpha, FAPA, seprase, prolyl endopeptidase FAP, gelatininglycoprotein, surface proline-specific antigen"
NCT05870579,177Lu-NeoB,"GRPR, gastrin-releasing peptide receptor, BB2, bombesin receptor subtype 2"
NCT05870579,68Ga-NeoB,"GRPR, gastrin-releasing peptide receptor, BB2, bombesin receptor subtype 2"
NCT05153772,212Pb-DOTAMTATE,"SSTR2, somatostatin receptor type 2, SSTR-2, SSR2, somatostatin receptor 2"
NCT04261855,177Lu-DOTATATE,"SSTR2, somatostatin receptor 2, SS2R, SRIF-1, SST2"
NCT04724369,18F-mFBG,"NET, norepinephrine transporter, SLC6A2, noradrenaline transporter, sodium-dependent noradrenaline transporter"
NCT01619865,68Ga-DOTATOC,"SSTR, somatostatin receptor, SSTR2, somatostatin receptor 2, SSTR5, somatostatin receptor 5"
NCT04535193,18F-mFBG,"NET, norepinephrine transporter, SLC6A2, noradrenaline transporter, sodium-dependent noradrenaline transporter"
NCT06334965,18F-Choline,"CHKA, choline kinase alpha, CHK; CHKB, choline kinase beta, CHKL"
NCT00458952,Ultratrace Iobenguane (MIBG) I 131,"SLC6A2, norepinephrine transporter, NET, norepinephrine reuptake pump, solute carrier family 6 member 2"
NCT05826158,18F-mFBG,"SLC6A2, norepinephrine transporter, NET, NET receptor, solute carrier family 6 member 2"
NCT05937919,68Ga-PMD22,"CLDN18.2, claudin-18 isoform 2, Claudin 18.2"
NCT06256705,68Ga-DOTATOC,"SSTR2, somatostatin receptor 2, SS2R, SRT1, SRIF-14 receptor, somatostatin receptor type 2"
NCT04237584,Radium-223,"hydroxyapatite, bone mineral, calcium phosphate, calcium hydroxyapatite; bone matrix, mineralized bone matrix"
NCT03511664,177Lu-PSMA-617,"PSMA, FOLH1, prostate-specific membrane antigen, glutamate carboxypeptidase II, GCPII"
NCT04390009,Amyvid,"Amyloid-beta, beta-amyloid, Aβ, Abeta, amyloid beta peptide, amyloid beta protein"
NCT07223034,177Lu-PSMA-617,"PSMA, FOLH1, prostate-specific membrane antigen, glutamate carboxypeptidase II, GCPII, N-acetyl-L-aspartyl-L-glutamate peptidase I, NAALADase I"
NCT03207464,C-11 Methylreboxetine,"NET, SLC6A2, norepinephrine transporter, noradrenaline transporter, sodium-dependent noradrenaline transporter"
NCT04168528,68GaNOTA-Anti-MMR-VHH2,"MMR, Macrophage mannose receptor 1, CD206, MRC1, mannose receptor C type 1"
NCT03561259,131I-MIBG,"SLC6A2, norepinephrine transporter, NET, NET1, noradrenaline transporter"
NCT06288113,Lutetium Lu 177 Vipivotide Tetraxetan,"PSMA, glutamate carboxypeptidase II, GCPII, FOLH1, prostate-specific membrane antigen"
NCT00614354,99mTc-glucarate,"fructose-1,6-bisphosphate, fructose 1,6-diphosphate; histones, histone proteinsof"
NCT07020117,225Ac-AKY-1189,"Nectin-4, poliovirus receptor-related protein 4, PVRL4, PRR4, LNIR"
NCT07020117,64Cu-AKY-1189,"Nectin-4, poliovirus receptor-related protein 4, PVRL4, nectin cell adhesion molecule 4, PRR4"
NCT01689636,Technetium Tc 99m EC20,"FOLR1, folate receptor alpha, folate receptor 1, FR-alpha, FRα, MOv18 antigen"
NCT05852041,rhPSMA-7.3,"PSMA, FOLH1, prostate-specific membrane antigen, glutamate carboxypeptidase II, GCPII, N-acetyl-L-aspartyl-L-glutamate peptidase I"
NCT06827080,161Tb-NYM032,"PSMA, FOLH1, prostate-specific membrane antigen, glutamate carboxypeptidase II, GCPII, N-acetyl-L-aspartyl-L-glutamate peptidase I, NAALADase I"
NCT00323076,18F-FAZA,"Hypoxia, low oxygen, cellular hypoxia; Nitroimidazole uptake, anaerobic metabolism, tissue oxygenation status"
NCT06211647,177Lu-XT117,"FAP, fibroblast activation protein alpha, FAPA, seprase, FAPalpha, prolyl endopeptidase FAP, 170 kDa melanoma-associated antigen"
NCT06540872,68Ga-FAPI-46,"FAP, fibroblast activation protein alpha, FAPA, seprase, 170 kDa melanoma membrane-bound gelatinase, SIMP"
NCT05892393,Zirconium Zr 89-DFO-YS5,"CD46, MCP, membrane cofactor protein, trophoblast leukocyte common antigen, TLX"
NCT07150715,Actinium Ac 225 Vipivotide Tetraxetan,"PSMA, FOLH1, prostate-specific membrane antigen, glutamate carboxypeptidase II, GCPII, folate hydrolase 1"
NCT07150715,Lutetium Lu 177 Vipivotide Tetraxetan,"PSMA, FOLH1, prostate-specific membrane antigen, glutamate carboxypeptidase II, GCPII"
NCT04897763,89Zr-TLX250,"CAIX, Carbonic anhydrase 9, Carbonic anhydrase IX, CA-IX, CA9, G250 antigen, Renal cell carcinoma-associated antigen G250"
NCT03982407,68Ga-PSMA-11,"PSMA, FOLH1, prostate-specific membrane antigen, glutamate carboxypeptidase II, GCPII"
NCT01898273,I-124-CLR1404,"PLE, phospholipid ethers, alkylphosphocholine, APCs"
NCT07165132,RYZ401,"SSTR, somatostatin receptor, SSTR1, SSTR2, SSTR3, SSTR4, SSTR5"
NCT05757856,NDX-3315,
NCT05757856,NDX-3324,"EPX, eosinophil peroxidase, EPO"
NCT06441331,Lutetium Lu 177-Edotreotide,"SSTR, somatostatin receptor, SSTR1, SSTR2, SSTR3, SSTR4, SSTR5"
NCT03109262,Y90 Glass Microspheres,
NCT04838626,18F-CTT1057,"PSMA, FOLH1, prostate-specific membrane antigen, glutamate carboxypeptidase II, GCPII, N-acetyl-L-aspartyl-L-glutamate peptidase I, NAALADase I"
NCT06736418,225Ac-ABD147,"DLL3, delta-like protein 3, delta-like ligand 3, delta-like 3 (Drosophila)"
NCT06736418,111In-ABD147,"DLL3, delta-like ligand 3, delta-like protein 3"
NCT00083564,166Ho-DOTMP,"hydroxyapatite, bone mineral, calcium phosphate, HAP"
NCT06122610,64Cu-Dotatate,"SSTR2, somatostatin receptor 2, SSTR-2, SS2R"
NCT06122610,177Lu-Dotatate,"SSTR2, somatostatin receptor 2, SSTR, SS2R, SRIF-2"
NCT02130492,18F-Fluorodeoxyglucose,"GLUT, SLC2A, glucose transporters; Hexokinase, HK"
NCT05670106,177Lu-PSMA-617,"PSMA, FOLH1, prostate-specific membrane antigen, glutamate carboxypeptidase II, GCPII, N-acetyl-L-aspartyl-L-glutamate peptidase I, NAALADase I"
NCT05670106,68Ga-PSMA-11,"PSMA, FOLH1, prostate-specific membrane antigen, glutamate carboxypeptidase II, GCPII, N-acetyl-L-aspartyl-L-glutamate peptidase I, NAALADase I"
NCT00079365,Phosphorus P32,
NCT07081555,177Lu-ABY-271,"HER2, human epidermal growth factor receptor 2, ERBB2, CD340, proto-oncogene Neu, NEU, receptor tyrosine-protein kinase erbB-2"
NCT06402331,FPI-2265,"PSMA, FOLH1, prostate-specific membrane antigen, glutamate carboxypeptidase II, GCPII, N-acetyl-L-aspartyl-L-glutamate peptidase I, NAALADase I"
NCT06639191,177Lu-AKIR001,"CD44v6, CD44 variant 6, CD44 isoform 6, cluster of differentiation 44 variant 6"
NCT07295171,18F-FDG,"GLUT, solute carrier family 2, facilliated glucose transporter, glucose transporter type 1, SLC2A1, hexokinase, HK1, HK2"
NCT03658447,177Lu-PSMA,"PSMA, FOLH1, prostate-specific membrane antigen, glutamate carboxypeptidase II, GCPII, N-acetyl-L-aspartyl-L-glutamate peptidase I"
NCT07076550,225Ac-A9-3408,"MC1R, melanocortin 1 receptor, melanocyte-stimulating hormone receptor, MSH-R"
NCT07076550,68Ga-A9T-3202,"MC1R, melanocortin 1 receptor, melanocyte-stimulating hormone receptor, MSH receptor, MSHR"
NCT03457948,177Lu-DOTA0-Tyr3-Octreotate,"SSTR2, somatostatin receptor type 2, SSTR-2, SS2R; PD-1, programmed cell death protein 1, CD279, PDCD1"
NCT03002454,99mTc MDP,"Hydroxyapatite, hydroxyapatite crystals, HA, calcium hydroxyapatite"
NCT03458559,Rhenium-188-HEDP,"Hydroxyapatite, bone mineral, calcium phosphate, bone matrix"
NCT03458559,Radium-223 chloride,"Hydroxyapatite, calcium phosphate, Bone mineral, Bone matrix"
NCT06250244,177Lu-LNC1011,"PSMA, FOLH1, prostate-specific membrane antigen, glutamate carboxypeptidase II, GCPII"
NCT04762888,Gallium Ga 68 Gozetotide,"PSMA, FOLH1, prostate-specific membrane antigen, glutamate carboxypeptidase II, GCPII"
NCT02624518,68Ga-RM2,"GRPR, gastrin-releasing peptide receptor, BB2, bombesin receptor subtype 2, GRP-R"
NCT06879041,225Ac-AZD2284,"KLK3, PSA, prostate-specific antigen, γ-seminoprotein, kallikrein-3"
NCT05560659,177Lu-PSMA,"PSMA, FOLH1, prostate-specific membrane antigen, glutamate carboxypeptidase II, GCPII, N-acetyl-L-aspartyl-L-glutamate peptidase I, NAALADase I"
NCT04310540,Gallium Ga 68 Gozetotide,"PSMA, FOLH1, prostate-specific membrane antigen, glutamate carboxypeptidase II, GCPII, N-acetyl-L-aspartyl-L-glutamate peptidase I, NAALADase I"
NCT07138716,68Ga-DOTA-CCK-FS,"CCK2R, cholecystokinin-2 receptor, CCK-2R, CCKBR, cholecystokinin B receptor, CCK-B receptor"
NCT01815515,18F-DCFBC,"PSMA, FOLH1, prostate-specific membrane antigen, glutamate carboxypeptidase II, GCPII"
NCT02128945,18F-Fludarabine,"ENTPD1, ectonucleoside triphosphate diphosphohydrolase 1, CD39; SLC29A1, solute carrier family 29 member 1, ENT1, equilibrative nucleoside transporter 1; SLC28A2, solute carrier family 28 member 2, CNT2, concentrative nucleoside transporter 2; SLC28A3, solute carrier family 28 member 3, CNT3, concentrative nucleoside transporter 3"
NCT06059469,Ga-PSMA,"PSMA, FOLH1, prostate-specific membrane antigen, glutamate carboxypeptidase II, GCPII, N-acetyl-L-aspartyl-L-glutamate peptidase I, NAALADase I"
NCT03936426,Cu-64 SARTATE,"SSTR2, somatostatin receptor 2, SS2R, SRIF-14 receptor subtype 2, SSR2"
NCT03936426,Cu-67 SARTATE,"SSTR2, somatostatin receptor 2, SS2R, SRIF-14 receptor subtype 2"
NCT04379817,Gallium-68 labelled DOTA-conjugated SSTR targeting peptide,"SSTR, somatostatin receptor, SSTRs; SSTR1; SSTR2; SSTR3; SSTR4; SSTR5"
NCT04379817,Lutetium-177 radiolabelled targeting peptide,"SSTR, somatostatin receptor, SSR, somatostatin receptors"
NCT01479348,[F-18]-5-Fluoro-2'-Deoxycytidine,"DNA methyltransferase 1, DNMT1, DNA methyltransferase; DNA, deoxyribonucleic acid"
NCT05707182,18F-rhPSMA-7.3,"PSMA, FOLH1, prostate-specific membrane antigen, folate hydrolase 1, glutamate carboxypeptidase II, GCPII"
NCT05113537,Lutetium Lu 177-PSMA-617,"PSMA, FOLH1, prostate-specific membrane antigen, glutamate carboxypeptidase II, GCPII, N-acetyl-L-aspartyl-L-glutamate peptidase I, NAALADase I"
NCT01689727,Technetium Tc 99m EC20,"FOLR1, folate receptor alpha, FR-alpha, FOLR, folate receptor 1, folate receptor 09"
NCT07100730,TLX101-Tx,"LAT, LAT1, SLC7A5, Large Neutral Amino Acid Transporter 1, Solute Carrier Family 7 Member 5"
NCT03246659,111In-CP04,"CCKBR, cholecystokinin B receptor, CCK2R, CCK2 receptor, gastrin receptor"
NCT03119558,18F-Florbetaben,"Beta-amyloid, amyloid beta, Aβ, Abeta, amyloid-beta protein, amyloid-beta peptide"
NCT02465112,In111-Pentetréotide,"SSTR, somatostatin receptor, SSTR1, SSTR2, SSTR3, SSTR4, SSTR5"
NCT06726161,RYZ811,"GPC3, glypican-3, glypican 3, OCI-5, SDYS, SGB, SGBS, SGBS1, MXR7"
NCT06726161,RYZ801,"GPC3, glypican-3, glypican 3, OCI-5, SDYS, SGB, SGBS, SGBS1, MXR7, DGSX"
NCT06084767,68Ga-TCR-FAPI,"FAP, fibroblast activation protein alpha, FAPα, seprase, prolyl endopeptidase FAP"
NCT06590857,RYZ101,"SSTR, somatostatin receptor, SSTR1, SSTR2, SSTR3, SSTR4, SSTR5"
NCT06590857,225Ac-DOTATATE,"SSTR, somatostatin receptor, SSR, somatotropin release-inhibiting factor receptor"
NCT05610826,Lutathera,"SSTR2, somatostatin receptor 2, SSTR, somatostatin receptor subtype 2, SS2R"
NCT03647657,177Lu-PP-F11N,"CCK2R, cholecystokinin-2 receptor, CCKBR, cholecystokinin B receptor, CCK-B, CCK2-R, gastrin receptor"
NCT03755245,68Ga-DOTA-Siglec-9,"VAP-1, vascular adhesion protein-1, AOC3, amine oxidase copper-containing 3"
NCT00003763,indium In 111 folic acid,"FOLR1, Folate receptor alpha, FR-alpha, FOLR, FR-a, Folate receptor 1"
NCT05773703,PSMA-Targeted [In-111]-Labeled Trillium Compound,"PSMA, FOLH1, prostate-specific membrane antigen, glutamate carboxypeptidase II, GCPII, N-acetyl-L-aspartyl-L-glutamate peptidase I, NAALADase I"
NCT05847166,99mTc-PSMA-T4,"PSMA, FOLH1, prostate-specific membrane antigen, glutamate carboxypeptidase II, GCPII"
NCT03673943,64Cu-DOTATATE,"SSTR, SSTR2, somatostatin receptor, somatostatin receptor type 2, SSR2, SRIF-14 receptor, somatotropin release-inhibiting factor receptor"
NCT02952508,Iopofosine I 131,"Phospholipid ethers, PLEs; Lipid rafts"
NCT05569434,68Ga-P16-093,"PSMA, FOLH1, prostate-specific membrane antigen, glutamate carboxypeptidase II, GCPII"
NCT00459654,Radium-223 dichloride,"hydroxyapatite, hydroxylapatite, bone mineral, calcium phosphate, Ca10(PO4)6(OH)2"
NCT00444223,Fluorine F 18 FEQA,"EGFR, epidermal growth factor receptor, HER1, ERBB1, proto-oncogene c-ErbB-1"
NCT01437254,CPERT,"NIS, sodium-iodide symporter, SLC5A5, solute carrier family 5 member 5"
NCT01437254,GPERT,"NIS, SLC5A5, solute carrier family 5 member 5, sodium-iodide symporter"
NCT04547309,68Ga-HER2 Affibody,"HER2, ERBB2, human epidermal growth factor receptor 2, CD340, proto-oncogene Neu, receptor tyrosine-protein kinase erbB-2"
NCT04547309,18F-HER2 Affibody,"ERBB2, HER2, human epidermal growth factor receptor 2, CD340, HER-2/neu, proto-oncogene Neu"
NCT01383135,18F-FPRGD2,"Integrin αvβ3, alphavbeta3, vitronectin receptor; Integrin αvβ5, alphavbeta5"
NCT01383135,18F-FPPRGD2,"Integrin αvβ3, alphavbeta3, vitronectin receptor; Integrin αvβ5, alphavbeta5"
NCT03331601,68GaNOTA-Anti-HER2 VHH1,"HER2, ERBB2, human epidermal growth factor receptor 2, CD340, proto-oncogene Neu, Erb-B2 receptor tyrosine kinase 2"
NCT05706129,68Ga-DPI-4452,"CAIX, Carbonic Anhydrase IX, CA9, G250, RCC-associated antigen G250, Carbonic Dehydratase IX, Carbonic Anhydrase 9"
NCT05706129,177Lu-DPI-4452,"CAIX, CA9, carbonic anhydrase IX, carbonic anhydrase 9, G250 antigen, MN antigen"
NCT06479187,18F-rhPSMA-7.3,"PSMA, FOLH1, prostate-specific membrane antigen, glutamate carboxypeptidase II, GCPII, folate hydrolase 1"
NCT05432947,68Ga-P16-093,"PSMA, FOLH1, prostate-specific membrane antigen, glutamate carboxypeptidase II, GCPII"
NCT00477503,Gallium-67 Citrate,
NCT00477503,In-111 DTPA,
NCT05622227,68Ga-P16-093,"PSMA, FOLH1, prostate-specific membrane antigen, glutamate carboxypeptidase II, GCPII, N-acetyl-L-aspartyl-L-glutamate peptidase I, NAALADase I"
NCT06277180,68Ga-TCR-FAPI,"FAP, fibroblast activation protein alpha, FAPA, seprase, surface-expressed protease"
NCT06965621,18F-metaFluorobenzylguanidine,"NET, norepinephrine transporter, SLC6A2, noradrenaline transporter, sodium-dependent noradrenaline transporter"
NCT07087106,F-18 FDG,"GLUT1, solute carrier family 2 member 1, SLC2A1, glucose transporter member 1; GLUT3, solute carrier family 2 member 3, SLC2A3, glucose transporter member 3"
NCT00597246,18F-FACBC,"LAT1, SLC7A5, Large neutral amino acids transporter small subunit 1; ASCT2, SLC1A5, Neutral amino acid transporter B(0)"
NCT00597246,11C-Methionine,"LAT1, SLC7A5, L-type amino acid transporter 1; LAT2, SLC7A8, L-type amino acid transporter 2"
NCT05034783,68Ga-HBED-CC-exendin-4,"GLP-1R, glucagon-like peptide 1 receptor, GLP1R, GLP-1-R"
NCT05034783,68Ga-NOTA-exendin-4,"GLP-1R, glucagon-like peptide 1 receptor, GLP-1 receptor, GLP1R"
NCT04304066,18F-WL12,"PD-L1, programmed death-ligand 1, CD274, B7 homolog 1, B7-H1, programmed cell death 1 ligand 1"
NCT04304066,68Ga-WL12,"PD-L1, programmed death-ligand 1, CD274, B7-H1, B7 homolog 1"
NCT00450619,Samarium Sm 153 lexidronam pentasodium,"bone hydroxyapatite, hydroxyapatite, bone mineral, calcium phosphate animalite; bone turnover, bone remodeling, bone metabolism"
NCT02283749,Xofigo,"Hydroxyapatite, calcium phosphate, Bone mineral, Bone matrix"
NCT06478875,68Ga-PentixaFor,"CXCR4, C-X-C chemokine receptor type 4, CD184, CXC-R4, chemokine receptor 4"
NCT06898437,177Lu-LNC1004 Injection,"FAP, fibroblast activation protein alpha, FAPA, seprase, 170 kDa melanoma membrane-bound gelatinase, prolyl endopeptidase FAP"
NCT04116164,111In-DOTA-h11B6,"KLK2, hk2, human kallikrein-2, human glandular kallikrein 2, kallikrein-related peptidase 2"
NCT00707343,F-18 Fluorothymidine,"TK1, Thymidine kinase 1, soluble thymidine kinase"
NCT06107608,68Ga-FAPI,"FAP, fibroblast activation protein, fibroblast activation protein alpha, FAPA, seprase, ASAM, prolyl endopeptidase FAP, gelatinese membrane protease"
NCT03800784,18F-DCFPyL,"PSMA, prostate-specific membrane antigen, FOLH1, folate hydrolase 1, glutamate carboxypeptidase II, GCPII"
NCT05324332,68Ga-P16-093,"PSMA, FOLH1, prostate-specific membrane antigen, glutamate carboxypeptidase II, GCPII"
NCT05324332,68Ga-PSMA-11,"PSMA, FOLH1, prostate-specific membrane antigen, glutamate carboxypeptidase II, GCPII, N-acetyl-L-aspartyl-L-glutamate peptidase I, NAALADase I"
NCT06696326,68Ga-MY6349,"TROP2, trophoblast antigen 2, tumor-associated calcium signal transducer 2, TACSTD2, GA733-1, EGP-1, M1S1of"
NCT04796467,68Ga-PSMA-617,"PSMA, FOLH1, prostate-specific membrane antigen, folate hydrolase 1, glutamate carboxypeptidase II, GCPII"
NCT04796467,68Ga-P16-093,"PSMA, FOLH1, prostate-specific membrane antigen, glutamate carboxypeptidase II, GCPII"
NCT03707184,Fluciclovine F18,"LAT1, SLC7A5, Large neutral amino acids transporter small subunit 1, CD98 light chain; ASCT2, SLC1A5, Alanine/serine/cysteine/threonine-preferring transporter 2"
NCT04144257,F-18 PBR06,"TSPO, translocator protein, peripheral benzodiazepine receptor, PBR, benzodiazepine peripheral binding site, mTSPO"
NCT04144257,C-11 Methylreboxetine,"NET, norepinephrine transporter, solute carrier family 6 member 2, SLC6A2"
NCT02440308,68Ga-DOTA-Bombesin,"GRPR, gastrin-releasing peptide receptor, BB2, bombesin receptor subtype 2"
NCT01428440,18FML10,"Apoptosis, programmed cell death"
NCT06636617,177Lu-JH04,"FAP, fibroblast activation protein alpha, FAPA, Seprase, surface-expressed protease, prolyl endopeptidase FAP"
NCT02038738,68Ga-DOTATATE,"SSTR2, somatostatin receptor 2, SSTR-2, SSR2"
NCT03396874,68Ga-PSMA,"PSMA, FOLH1, prostate-specific membrane antigen, glutamate carboxypeptidase II, GCPII, N-acetyl-L-aspartyl-L-glutamate peptidase I, NAALADase I"
NCT01240551,F-18 NaF,"Hydroxyapatite, calcium phosphate, bone mineral, inorganic bone matrix"
NCT03049189,177Lu-edotreotide PRRT,"SSTR2, somatostatin receptor type 2, SSTR, somatostatin receptor, SS-R, SSR2"
NCT06188468,68Ga-MY6349,"TROP2, trophoblast cell-surface antigen 2, TACSTD2, tumor-associated calcium signal transducer 2, EGP-1, GA733-1, M1S1"
NCT05933239,68GaNOTA-Anti-MMR-VHH2,"MMR, macrophage mannose receptor, CD206, MRC1, mannose receptor C type 1"
NCT02176720,18F-Fluorodopa,"LAT, LAT1, SLC7A5, Large neutral amino acids transporter small subunit 1; LAT2, SLC7A8, Large neutral amino acids transporter small subunit 2"
NCT06465017,68Ga-THP-Trop2 VHH,"TROP2, trophoblast cell-surface antigen 2, TACSTD2, tumor-associated calcium signal transducer 2, GA733-1, M1S1, EGP-1"
NCT04461457,211-astatine MX35 F(ab')2,"SLC34A2, solute carrier family 34 member 2, NaPi-IIb, sodium-dependent phosphate transport protein 2B, NAPI-3B"
NCT07221825,223Ra-RaCl2,"hydroxyapatite, bone mineral, calcium phosphate, bone matrix; calcium mimetic target"
NCT05595460,RYZ101,"SSTR, somatostatin receptor, SSTR2, somatostatin receptor 2, SSTR type 2, SSR2"
NCT04239742,F18-PSMA-1007,"PSMA, FOLH1, prostate-specific membrane antigen, glutamate carboxypeptidase II, GCPII, N-acetyl-alpha-linked acidic dipeptidase I, NAALADase I"
NCT04837885,LUTATHERA,"SSTR2, somatostatin receptor type 2, SSTR-2, SSR2; SSTR5, somatostatin receptor type 5, SSTR-5, SSR5"
NCT06871176,68Ga-PentixaFor,"CXCR4, C-X-C chemokine receptor type 4, CD184, CXC-R4, chemokine receptor 4"
NCT06160271,68Ga-FAPI,"FAP, fibroblast activation protein alpha, FAPalpha, seprase, 170 kDa melanoma membrane-bound gelatinase; FAP-alpha"
NCT03183570,[18F]FP-R01-MG-F2,"Integrin avb6, Integrin alpha-v beta-6, ITGAV/ITGB6, alpha-v beta-6 integrin, ITGAV-ITGB6"
NCT04634994,F-18 SDM-8,"SV2A, synaptic vesicle protein 2A, synaptic vesicle glycoprotein 2A"
NCT02669563,[18F]4F-MHPG,"norepinephrine transporter, NET, SLC6A2, solute carrier family 6 member 2"
NCT02669563,[18F]3F-PHPG,"NET, norepinephrine transporter, SLC6A2, noradrenaline transporter, sodium-dependent noradrenaline transporter"
NCT04023240,68Ga-FAPI,"FAP, fibroblast activation protein alpha, FAPA, seprase, SIMP, APCE, protease alpha"
NCT04385992,177Lu-Dotatate,"SSTR2, somatostatin receptor 2, SSTR-2, SSR2, SRIF1"
NCT01689714,Technetium Tc 99m EC20,"FOLR1, folate receptor 1, folate receptor alpha, FR-alpha, FR-a, FRa, MOv18, FOLR"
NCT03891914,18F-Choline,"CHKA, choline kinase alpha, CHK, CKI, choline kinase; CHKB, choline kinase beta, CHKL, choline kinase-like protein"
NCT03891914,18F-FDG,"GLUT1, solute carrier family 2 member 1, SLC2A1, glucose transporter member 1"
NCT07280793,68Ga-NOTA-BCMA,"BCMA, B-cell maturation antigen, TNFRSF17, CD269, tumor necrosis factor receptor superfamily member 17"
NCT05766371,177Lu-PSMA-617,"PSMA, FOLH1, prostate-specific membrane antigen, glutamate carboxypeptidase II, GCPII"
NCT07009184,111In-DOTA-TCO-trastuzumab,"HER2, human epidermal growth factor receptor 2, ERBB2, CD340, proto-oncogene Neu"
NCT02538133,99mTc-Exametazime (HMPAO),
NCT04888481,68Ga-HA-DOTATATE,"SSTR, somatostatin receptor, SSR, SSTR1, SSTR2, SSTR3, SSTR4, SSTR5"
NCT05413850,Lutetium (177Lu) rhPSMA-10.1,"PSMA, FOLH1, prostate-specific membrane antigen, glutamate carboxypeptidase II, GCPII, N-acetyl-L-aspartyl-L-glutamate peptidase I, NAALADase I"
NCT05413850,18F-rhPSMA-7.3,"PSMA, FOLH1, glutamate carboxypeptidase II, GCPII, prostate-specific membrane antigen"
NCT05744115,Ga-68-PSMA-11,"PSMA, FOLH1, prostate-specific membrane antigen, glutamate carboxypeptidase II, GCPII"
NCT00519506,99mTc ThromboView,"Fibrin, fibrin monomer, fibrin polymer, cross-linked fibrin; DDimer, D-dimer"
NCT00850278,18F-FLT,"TK1, Thymidine kinase 1, soluble thymidine kinase"
NCT06732505,225Ac-DOTATATE,"SSTR, somatostatin receptor, SSR, somatostatin receptors"
NCT03689582,68Ga-PSMA,"PSMA, FOLH1, prostate-specific membrane antigen, glutamate carboxypeptidase II, GCPII, N-acetyl-L-aspartyl-L-glutamate peptidase I, NAALADase I"
NCT07189871,177Lu-BetaBart,"B7-H3, CD276, cluster of differentiation 276, B7RP-2, B7-H3 antigen, B7 homolog 3"
NCT02743741,Lutetium-177 Octreotate,"SSTR, somatostatin receptor, SSTR2, somatostatin receptor type 2, SSR, SS-R"
NCT06235099,Copper Cu 64 PSMA I&T,"PSMA, FOLH1, prostate-specific membrane antigen, glutamate carboxypeptidase II, GCPII, N-acetyl-L-aspartyl-L-glutamate peptidase I, NAALADase I"
NCT06235151,Copper Cu 64 PSMA I&T,"PSMA, FOLH1, prostate-specific membrane antigen, glutamate carboxypeptidase II, GCPII, N-acetyl-L-aspartyl-L-glutamate peptidase I, NAALADase I"
NCT05340374,177Lu-PSMA-617,"PSMA, FOLH1, prostate-specific membrane antigen, glutamate carboxypeptidase II, GCPII"
NCT00006234,Holmium Ho 166 DOTMP,"Hydroxyapatite, bone mineral, calcium phosphate, bone matrix"
NCT06991738,177Lu-DOTA-EB-TATE,"SSTR2, somatostatin receptor 2, SS2R, SRIF-14 receptor subtype 2, SSTR-2, SST2"
NCT01520025,18F-Fluorodeoxyglucose,"GLUT, glucose transporter, SLC2A, solute carrier family 2; HK, hexokinase, HK1, HK2"
NCT01417182,18F-DCFBC,"PSMA, FOLH1, prostate-specific membrane antigen, glutamate carboxypeptidase II, GCPII"
NCT07197580,177Lu-TLX250,"CAIX, carbonic anhydrase 9, carbonic anhydrase IX, CA9, CA-IX, G250, MN, MN/CA9, p54/58N"
NCT04904120,203Pb-VMT01,"MC1R, melanocortin 1 receptor, melanocyte-stimulating hormone receptor, MSH-R, melanocortin receptor 1"
NCT04904120,68Ga-VMT02,"MC1R, melanocortin 1 receptor, melanocyte-stimulating hormone receptor, MSH-R, melanocortin receptor 1"
NCT04082520,Lutetium Lu 177 Dotatate,"SSTR2, somatostatin receptor 2, SSTR-2, SSR2, somatostatin receptor type 2"
NCT07145177,177Lu-PSMA-617,"PSMA, FOLH1, prostate-specific membrane antigen, folate hydrolase 1, glutamate carboxypeptidase II, GCPII"
NCT06122584,18F-PSMA-1007,"PSMA, FOLH1, prostate-specific membrane antigen, glutamate carboxypeptidase II, GCPII"
NCT05390814,Error: 500,"ENTPD1, ectonucleoside triphosphate diphosphohydrolase 1, CD39; Adenosine receptors"
NCT02952469,68Ga PSMA-HBED-CC,"PSMA, FOLH1, prostate-specific membrane antigen, glutamate carboxypeptidase II, GCPII"
NCT03809078,68Ga RM2,"GRPR, gastrin-releasing peptide receptor, BB2, bombesin receptor subtype 2"
NCT03809078,68Ga-PSMA-11,"PSMA, FOLH1, prostate-specific membrane antigen, glutamate carboxypeptidase II, GCPII, N-acetyl-L-aspartyl-L-glutamate peptidase I"
NCT06411301,225Ac-DOTATATE,"SSTR, somatostatin receptor, SSTR1, SSTR2, SSTR3, SSTR4, SSTR5"
NCT04742361,18F-PSMA-1007,"PSMA, FOLH1, prostate-specific membrane antigen, glutamate carboxypeptidase II, GCPII, N-acetyl-L-aspartyl-L-glutamate peptidase I, NAALADase I"
NCT01101581,90Y-Epratuzumab Tetraxetan,"CD22, SIGLEC2, Siglec-2, B-lymphocyte cell adhesion molecule, BL-CAM"
NCT05957250,68Ga-FAPI-46,"FAP, fibroblast activation protein alpha, FAPα, seprase, 170 kDa melanoma membrane-bound gelatinase, prolyl endopeptidase FAP"
NCT05365802,68Ga-FAPi-46,"FAP, fibroblast activation protein alpha, FAPA, seprase, 170 kDa melanoma membrane-bound gelatinase, surface-expressing macromolecular protease"
NCT02469376,18F-GP1,"GPIIb/IIIa, integrin alpha-IIb beta-3, ITGA2B/ITGB3, CD41/CD61, fibrinogen receptor"
NCT06000787,131I-Metaiodobenzylguanidine (MIBG),"SLC6A2, norepinephrine transporter, NET, NET1, noradrenaline transporter"
NCT03948451,14C-AZD5718,"ALOX5AP, 5-lipoxygenase-activating protein, FLAP"
NCT06052306,Actinium-225-macropa-pelgifatamab,"PSMA, prostate-specific membrane antigen, FOLH1, glutamate carboxypeptidase II, GCPII"
NCT06052306,BAY3546828,"PSMA, prostate-specific membrane antigen, FOLH1, glutamate carboxypeptidase II, GCPII"
NCT04766632,18F-DOPA,"LAT, L-type amino acid transporter, SLC7A5, LAT1, Large neutral amino acids transporter small subunit 1; SLC1A5, Alanine/serine/cysteine-preferring transporter 2, ASCT2"
NCT02931929,68Ga-NeoBOMB1,"GRPR, gastrin-releasing peptide receptor, BB2, bombesin receptor subtype 2"
NCT00677716,131I-chTNT-1/B MAb (Cotara),"Histone-DNA complex, DNA-histone complex, necrotic cell-derived DNA-histone complex, intracellular DNA-histone complex"
NCT03731026,68Ga-RM2,"GRPR, gastrin-releasing peptide receptor, BB2, bombesin receptor subtype 2"
NCT05608395,11C-Methionine,"LAT1, SLC7A5, L-type amino acid transporter 1, Large neutral amino acids transporter small subunit 1; LAT2, SLC7A8, L-type amino acid transporter 2, Large neutral amino acids transporter small subunit 2"
NCT03492164,18F-FluorThanatrace ([18F]FTT),"PARP-1, poly(ADP-ribose) polymerase 1, poly [ADP-ribose] polymerase 1, ARTD1, ADPRT, PARP1"
NCT03188328,177Lu-ST2210,"AvidinOX, oxidized avidin, chemically modified avidin"
NCT04282824,Gallium Ga 68-labeled PSMA-11,"PSMA, FOLH1, prostate-specific membrane antigen, folate hydrolase 1, glutamate carboxypeptidase II, GCP2, GCPII"
NCT02286843,89Zr-trastuzumab,"HER2, human epidermal growth factor receptor 2, ERBB2, CD340, proto-oncogene Neu, receptor tyrosine-protein kinase erbB-2"
NCT02286843,89Zr-pertuzumab,"ERBB2, HER2, human epidermal growth factor receptor 2, CD340, HER2/neu, proto-oncogene Neu"
NCT07319897,68Ga-BCMA,"BCMA, B-cell maturation antigen, TNFRSF17, CD269, Tumor necrosis factor receptor superfamily member 17"
NCT02549755,11C-Acetate,"FASN, fatty acid synthase; ACSS2, acetyl-CoA synthetase 2; Acetate metabolism, fatty acid synthesis pathway"
NCT04069429,Technetium Tc 99M,
NCT01805908,111In-Pertuzumab,"HER2, human epidermal growth factor receptor 2, ERBB2, CD340, proto-oncogene Neu, NEU, receptor tyrosine-protein kinase erbB-2"
NCT00372177,Fab-fragment of Anti-human CD4,"CD4, T-cell surface glycoprotein CD4, T-cell surface antigen T4/Leu-3"
NCT05109832,14C-IMP4297,"PARP1, poly [ADP-ribose] polymerase 1, PARP-1; PARP2, poly [ADP-ribose] polymerase 2, PARP-2"
NCT06516510,177Lu rhPSMA-10.1,"PSMA, FOLH1, prostate-specific membrane antigen, glutamate carboxypeptidase II, GCPII"
NCT06516510,177Lu vipivotide tetraxetan,"PSMA, FOLH1, prostate-specific membrane antigen, glutamate carboxypeptidase II, GCPII, N-acetyl-L-aspartyl-L-glutamate peptidase I, NAALADase I"
NCT02125474,177Lu-DOTA-TATE,"SSTR2, somatostatin receptor type 2, somatostatin receptor 2, SSTR-2"
NCT06959433,Lu-177 PSMA-617,"PSMA, prostate-specific membrane antigen, FOLH1, folate hydrolase 1, glutamate carboxypeptidase II, GCPII, NAALADase I"
NCT06736054,61Cu-NODAGA-PSMA,"PSMA, FOLH1, prostate-specific membrane antigen, glutamate carboxypeptidase II, GCPII, N-acetyl-L-aspartyl-L-glutamate peptidase I, NAALADase I"
NCT04831567,MIBG-I131,"SLC6A2, norepinephrine transporter, NET, sodium-dependent noradrenaline transporter, solute carrier family 6 member 2"
NCT06197139,177Lu-XT117,"FAP, fibroblast activation protein alpha, fibroblast activation protein, FAPA, seprase, surface-expressed protease"
NCT04665739,Lutetium Lu 177 Dotatate,"SSTR, somatostatin receptor, SSTR1, SSTR2, SSTR3, SSTR4, SSTR5"
NCT02678351,68Ga-PSMA-11,"PSMA, prostate-specific membrane antigen, FOLH1, folate hydrolase 1, glutamate carboxypeptidase II, GCPII, GCP2"
NCT04029428,90Y-DOTATATE,"SSTR2, somatostatin receptor 2, SSTR, somatostatin receptor, SSR2"
NCT04029428,177Lu-DOTATATE,"SSTR, somatostatin receptor, SS-R, SSTRs, SRIF receptor"
NCT05064436,11C-BMS-986196,"P2X7 receptor, purinergic receptor P2X ligand-gated ion channel 7, P2RX7, P2X7R"
NCT03347760,68Ga-DOTATOC,"SSTR2, SSTR, somatostatin receptor, somatostatin receptor type 2, SSR2"
NCT00509301,131-I-chTNT-1/B MAB,"DNA-histone H1 complex, TNT-1, tumor necrosis therapy-1 target, histone H1, chromatin-associated antigens"
NCT04264208,68-Ga RM2,"GRPR, gastrin-releasing peptide receptor, BB2, bombesin receptor subtype 2"
NCT04264208,68-Ga PSMA11,"PSMA, FOLH1, glutamate carboxypeptidase II, GCPII, prostate-specific membrane antigen"
NCT05603559,177Lu-P17-087,"PSMA, FOLH1, prostate-specific membrane antigen, glutamate carboxypeptidase II, GCPII"
NCT05603559,177Lu-P17-088,"PSMA, FOLH1, prostate-specific membrane antigen, glutamate carboxypeptidase II, GCPII"
NCT03443609,68Ga-HBED-CC-PSMA,"PSMA, FOLH1, prostate-specific membrane antigen, glutamate carboxypeptidase II, GCPII, N-acetyl-L-aspartyl-L-glutamate peptidase I, NAALADase I"
NCT01930812,18F-Sodium Fluoride (NaF),"Hydroxyapatite, calcium hydroxyapatite, crystalline bone mineral phase"
NCT00375830,18F-NaF,"Hydroxyapatite, bone mineral, calcium phosphate, crystalline bone matrix"
NCT00375830,18F-FDG,"GLUT1, Glucose Transporter Type 1, SLC2A1, solute carrier family 2 member 1; Hexokinase, HK1, HK2"
NCT02691169,18F-DCFPyL,"PSMA, FOLH1, prostate-specific membrane antigen, glutamate carboxypeptidase II, GCPII, N-acetyl-L-aspartyl-L-glutamate peptidase I, NAALADase I"
NCT04699747,18F-3F4AP,"Voltage-gated potassium channels, VGPCs, potassium channels, Kv channels"
NCT06604442,Flotufolastat (18F),"PSMA, FOLH1, prostate-specific membrane antigen, glutamate carboxypeptidase II, GCPII, folate hydrolase 1"
NCT06604442,Piflufolastat (18F),"PSMA, FOLH1, prostate-specific membrane antigen, glutamate carboxypeptidase II, GCPII"
NCT06045260,177Lu-DOTATOC,"SSTR, somatostatin receptor, SSTR2, somatostatin receptor 2, SSTR5, somatostatin receptor 5"
NCT07217028,18F-NOTA-ABY-030,"EGFR, epidermal growth factor receptor, HER1, ERBB1, proto-oncogene c-ErbB-1, receptor tyrosine-protein kinase erbB-1"
NCT01008969,99mTc-sulfur nanocolloid,"RE/macrophage system, reticuloendothelial system, RES"
NCT05815069,18F-AlF-NOTA-pentixather,"CXCR4, C-X-C chemokine receptor type 4, CD184, CXC-R4, chemokine receptor 4, FB22, LESTR, NPYRL, WHIM"
NCT05908773,TTX-MC138-NODAGA-Cu64,"miRNA-10b, miR-10b, microRNA-10b"
NCT01894451,89Zr-bevacizumab,"VEGF-A, vascular endothelial growth factor A, VEGF, vascular permeability factor, VPF"
NCT06602037,89Zr-DFO-SHR1920,"TROP2, TACSTD2, tumor-associated calcium signal transducer 2, Trop-2, epithelial glycoprotein-1, EGP-1"
NCT06602037,18F-RESCA-3A12,"CLDN18.2, claudin-18 isoform 2, Claudin 18.2"
NCT06602037,68Ga-NOTA-3A12,"CLDN18.2, claudin 18.2, CLDN18 isoform 2, Claudin-18 subtype 2"
NCT01412827,99mTc,
NCT01412827,201Tl,"Na+, K+-ATPase, sodium-potassium adenosine triphosphatase, sodium-potassium pump, Na/K-ATPase"
NCT04090398,Radium Ra 223 Dichloride,"Bone mineral, hydroxyapatite, bone matrix, bone hydroxyapatite matrix"
NCT02204943,Radium-223,"hydroxyapatite, hydroxylapatite, bone mineral, calcium apatite crystals"
NCT06688305,68Ga-NI-FAPI,"FAP, fibroblast activation protein alpha, FAPα, seprase, prolyl endopeptidase FAP; hypoxia"
NCT06688188,68Ga-JH12,"CXCR4, C-X-C chemokine receptor type 4, CD184, CXC-R4, chemokine receptor 4, FB22, LESTR, NPYRL, WHIM"
NCT02370563,18F-FSPG,"SLC7A11, xCT, system xC- transporter, cystine/glutamate transporter, solute carrier family 7 member 11"
NCT06438250,68Ga-JH04,"FAP, fibroblast activation protein alpha, FAPα, seprase, prolyl endopeptidase FAP, gelatiningase, SIMP, ASV120"
NCT04152928,68Ga-DOTATATE,"SSTR2, somatostatin receptor 2, SS2R, SRIF-1, SSTR-2"
NCT03983252,[F-18]PBR06,"TSPO, translocator protein, peripheral benzodiazepine receptor, PBR, mitochondrial benzodiazepine receptor, MBR"
NCT04790708,Lutetium-177 (177Lu)-DOTATOC,"SSTR, somatostatin receptor, SSR, SSTR1, SSTR2, SSTR3, SSTR4, SSTR5"
NCT04790708,Yttrium-90 (90Y)-DOTATOC,"SSTR2, somatostatin receptor type 2, SSTR-2, SOM2; SSTR, somatostatin receptor, SSR"
NCT05939414,Lutetium (177Lu) Vipivotide Tetraxetan,"PSMA, FOLH1, prostate-specific membrane antigen, glutamate carboxypeptidase II, GCPII"
NCT05939414,AAA617,"PSMA, FOLH1, prostate-specific membrane antigen, glutamate carboxypeptidase II, GCPII"
NCT07311993,Iopofosine I 131,"lipid rafts, lipid microdomains, phospholipid ethers, PLEs"
NCT07311993,CLR 125,"PLE, phospholipid ethers; Lipid rafts"
NCT02079181,18F-FMAU,"TK, thymidine kinase, TK1, TK2, thymidine kinase 1, thymidine kinase 2; DNA synthesis, deoxyribonucleic acid synthesis"
NCT02417688,Cu[64]-25%-CANF-Comb,"NPR-C, Natriuretic peptide receptor 3, NPR3, natriuretic peptide receptor C, ANPa, GUCY2B"
NCT06455358,61Cu-NODAGA-LM3,"SSTR2, somatostatin receptor 2, SSTR, somatostatin receptor type 2; SSTR1, somatostatin receptor 1; SSTR3, somatostatin receptor 3; SSTR4, somatostatin receptor 4; SSTR5, somatostatin receptor 5"
NCT07242014,68Ga-XACP3,"PSMA, FOLH1, prostate-specific membrane antigen, glutamate carboxypeptidase II, GCPII"
NCT01686165,yttrium Y 90 ibritumomab tiuxetan,"CD20, MS4A1, B-lymphocyte antigen CD20, B-lymphocyte surface antigen B1, Leu-16"
NCT07115277,Flotufolastat F-18,"PSMA, FOLH1, prostate-specific membrane antigen, glutamate carboxypeptidase 2, GCPII, N-acetyl-L-aspartyl-L-glutamate peptidase I"
NCT04340765,18F-fluorocholine,"Choline kinase, CHK, CK, CHKA, CKI; Choline transporter, SLC44A1, CTL1, solute carrier family 44 member 1"
NCT05249114,Lu-177,"SSTR2, somatostatin receptor 2, SSTR 2, somatostatin receptor type 2; MET, c-Met, hepatocyte growth factor receptor, HGFR; VEGFR2, vascular endothelial growth factor receptor 2, KDR, FLK1"
NCT05867589,68Ga/18F-FAPI-04,"FAP, fibroblast activation protein alpha, FAPA, seprase, 170 kDa melanoma membrane-bound gelatinase, fibroblast activation protein, FAPalpha"
NCT05255926,68Ga-pentixafor,"CXCR4, C-X-C chemokine receptor type 4, CD184, CXC-R4, chemokine receptor 4"
NCT06359054,68Ga DOTATATE,"SSTR, somatostatin receptor, SSTRs, SSRs"
NCT03546335,89Zr-DFO-CZP,"TNF, tumor necrosis factor, TNF-alpha, tumor necrosis factor ligand superfamily member 2, TNFA, TNFSF2"
NCT04832958,99m-Tc-PSMA-I&S,"PSMA, FOLH1, prostate-specific membrane antigen, glutamate carboxypeptidase II, GCPII, N-acetyl-L-aspartyl-L-glutamate peptidase I, NAALADase I"
NCT04655365,18F-DCFPyL,"PSMA, FOLH1, prostate-specific membrane antigen, glutamate carboxypeptidase II, GCPII, N-acetyl-L-aspartyl-L-glutamate peptidase I, NAALADase I"
NCT06302400,166Holmium microspheres,
NCT00819650,131I-Metuximab,"CD147, basigin, BSG, EMMPRIN, HAb18G, TCSF, OK blood group antigen, M6"
NCT04609592,Lutathera,"SSTR2, somatostatin receptor 2, SS2R, SRIF-1, SSTR-2; SSTR, somatostatin receptor"
NCT04609592,Gallium 68 Dotatate,"SSTR, somatostatin receptor, SSTR2, somatostatin receptor type 2, SSR, SS-R"
NCT05871320,[99mTc]Tc-TECANT1,"SSTR2, somatostatin receptor 2, somatostatin receptor type 2, SSTR-2, SS2R"
NCT03439033,68Ga-PSMA-HBED-CC,"PSMA, FOLH1, prostate-specific membrane antigen, glutamate carboxypeptidase II, GCPII, N-acetyl-L-aspartyl-L-glutamate peptidase I, NAALADase I"
NCT05583708,Lutetium Lu 177 dotatate,"SSTR2, somatostatin receptor 2, SS2R, SRL101, sst2"
NCT02050724,Radioactive labelling of pulmonary nodules,
NCT05712174,18F-PSMA-1007,"PSMA, prostate-specific membrane antigen, FOLH1, folate hydrolase 1, glutamate carboxypeptidase II, GCPII"
NCT04910425,Fluorine F 18 DCFPyL,"PSMA, prostate-specific membrane antigen, FOLH1, folate hydrolase 1, glutamate carboxypeptidase II, GCPII"
NCT06395402,Lutetium Lu 177 dotatate,"SSTR2, somatostatin receptor type 2, SSTR-2, somatostatin receptor 2"
NCT00925275,I-131-CLR1404,"phospholipid ethers, PLEs, lipid rafts"
NCT04706910,18F-DOPA,"LAT1, SLC7A5, large neutral amino acids transporter 1; LAT2, SLC7A8, large neutral amino acids transporter 2; AADC, aromatic L-amino acid decarboxylase, DDC"
NCT07087197,SKB107,"GPR160, G protein-coupled receptor 160, orphan G-protein coupled receptor 160"
NCT00199875,Yttrium-90 conjugated chimeric G250 (^90Y-DOTA-cG250),"CA9, carbonic anhydrase 9, G250, MN, CA-IX, renal cell carcinoma-associated antigen G250"
NCT06054789,68Ga-PSMA-33,"PSMA, FOLH1, prostate-specific membrane antigen, glutamate carboxypeptidase II, GCPII, N-acetyl-L-aspartyl-L-glutamate peptidase I, NAALADase I"
NCT02995642,18F-FPPRGD2,"Integrin αvβ3, alphavbeta3, vitronectin receptor; Integrin αvβ5, alphavbeta5"
NCT07150546,Lutetium Lu 177 Dotatate,"SSTR2, somatostatin receptor 2, SSTR, somatostatin receptor, SSR2, SRIF-1, SS2R"
NCT07150546,Gallium Ga 68-DOTATATE,"SSTR, somatostatin receptor, SSTR2, somatostatin receptor 2, SSTRs, somatostatin receptors"
NCT01686256,Technetium Tc 99m EC20,"FOLR1, Folate receptor alpha, FR-alpha, FOLR, Folate receptor 1, FOLR-1"
NCT07178587,18F-FDG,"GLUT1, glucose transporter member 1, solute carrier family 2 member 1, SLC2A1"
NCT07178587,18F-F-Choline,"CHKA, choline kinase alpha, CHK; CHKB, choline kinase beta, CHKL"
NCT07178587,68Ga-DOTATOC,"SSTR2, somatostatin receptor 2, SSTR-2, SSR2, somatostatin receptor type 2"
NCT01124812,131I-L19SIP,"ED-B, extra-domain B of fibronectin, EDB-fibronectin, oncofetal fibronectin"
NCT03273712,90Y-DOTA tyr3-Octreotide,"SSTR, somatostatin receptor, SSTR1, SSTR2, SSTR3, SSTR4, SSTR5"
NCT06287944,Actinium Ac 225-DOTA-Daratumumab,"CD38, cluster of differentiation 38, cyclic ADP ribose hydrolase 1, ADPRC 1, ADP-ribosyl cyclase 1"
NCT06287944,Indium In 111-DOTA-Daratumumab,"CD38, cluster of differentiation 38, cyclic ADP ribose hydrolase 1, ADPRC 1, T10"
NCT05867615,177Lu-PSMA I&T,"PSMA, FOLH1, prostate-specific membrane antigen, folate hydrolase 1, glutamate carboxypeptidase II, GCPII, GCP2"
NCT03107325,F-18 Fluorodeoxyglucose,"GLUT1, glucose transporter member 1, solute carrier family 2 member 1, SLC2A1; GLUT3, glucose transporter member 3, solute carrier family 2 member 3, SLC2A3; hexokinase, HK1, HK2"
NCT04997317,177Lu-DOTA-JR11,"SSTR2, somatostatin receptor 2, SSTR, sst2, somatostatin receptor type 2"
NCT04997317,177Lu-DOTATOC,"SSTR2, somatostatin receptor 2, SS2R, SSTR-2, SRIF-1"
NCT03853915,18F-Fluorodeoxyglucose,"SLC2A1, GLUT1, glucose transporter 1; SLC2A3, GLUT3, glucose transporter 3; HK1, hexokinase 1; HK2, hexokinase 2"
NCT06061874,Ga68-FAPI-46,"FAP, fibroblast activation protein alpha, FAPA, seprase, prolyl endopeptidase FAP, 170 kDa melanoma membrane-bound gelatinase"
NCT00904254,EP 1645,"CD4, T-cell surface antigen T4/Leu-3, cluster of differentiation 4"
NCT00904254,99mTc,"CD4, T-cell surface glycoprotein CD4, T-cell surface antigen T4/Leu-3, cluster of differentiation 4"
NCT05048810,68Ga-DOTA-NT-20.3,"NTSR1, neurotensin receptor 1, NTR1, NTRH, NTS1, NTS-1, NT-R-1"
NCT02471313,18F-FMISO,"Hypoxia, cellular hypoxia, tissue hypoxia, low oxygen tension, oxygen deprivation"
NCT05613842,Copper-64 SAR-Bombesin,"GRPR, gastrin-releasing peptide receptor, BB2, bombesin receptor subtype 2"
NCT01876771,177Lu-DOTA-TATE,"SSTR2, somatostatin receptor type 2, SSTR-2, SSR2"
NCT07197671,90Y-NM600,"phospholipids, alkylphosphocholine, APC, lipid rafts"
NCT01842165,177Lu-octreotate,"SSTR2, somatostatin receptor type 2, SSTR-2, SSR2, somatostatin receptor 2"
NCT02602327,90Y Resin Microspheres,
NCT04542863,18F-DX600,"ACE2, angiotensin-converting enzyme 2, ACE-related carboxypeptidase, ACEH, angiotensin-converting enzyme homolog, SARS-CoV-2 receptor"
NCT06246838,Ga-68 V/Q PET/CT,
NCT06520345,177Lu-TLX591,"PSMA, FOLH1, prostate-specific membrane antigen, glutamate carboxypeptidase II, GCPII, N-acetyl-L-aspartyl-L-glutamate peptidase I, NAALADase I"
NCT05724108,Lutetium Lu 177 Dotatate,"SSTR, somatostatin receptor, SSTR2, SSTR1, SSTR3, SSTR4, SSTR5, SS-R"
NCT05691465,Lutetium Lu 177 Dotatate,"SSTR, somatostatin receptor, SSTR1, SSTR2, SSTR3, SSTR4, SSTR5"
NCT05691465,Gallium Ga 68-DOTATATE,"SSTR2, somatostatin receptor type 2, SSTR-2, SSR2, somatostatin receptor 2"
NCT03851237,64Cu-DOTA-ECLIi,"CCR2, C-C chemokine receptor type 2, CD192, CKR2, C-C motif chemokine receptor 2"
NCT05936658,[18F]Florastamin,"FOLH1, PSMA, prostate-specific membrane antigen, glutamate carboxypeptidase II, GCPII"
NCT00414570,18F-FLT,"TK1, thymidine kinase 1, soluble thymidine kinase; hENT1, SLC29A1, human equilibrative nucleoside transporter 1"
NCT03545165,177Lu-PSMA-617,"PSMA, FOLH1, prostate-specific membrane antigen, glutamate carboxypeptidase II, GCPII, N-acetyl-L-aspartyl-L-glutamate peptidase I"
NCT03545165,177Lu-J591,"PSMA, FOLH1, prostate-specific membrane antigen, glutamate carboxypeptidase II, GCPII"
NCT06634173,FAPI,"FAP, fibroblast activation protein alpha, FAPA, seprase, 170 kDa melanoma membrane-bound gelatinase"
NCT03573011,18F-PSMA-11,"PSMA, FOLH1, prostate-specific membrane antigen, glutamate carboxypeptidase II, GCPII"
NCT01230918,99mTc-NC100692,"Integrin alphavbeta3, alpha-v beta-3 integrin, vitronectin receptor, ITGAV:ITGB3"
NCT01936649,AdreView (Iobenguane I 123),"SLC6A2, norepinephrine transporter, NET, sodium-dependent noradrenalin transporter, solute carrier family 6 member 2"
NCT01273402,90Y-IMP-288,"HSG, histamine-succinyl-glycine, histamine-succinyl-glutamine, IMP-288 hapten"
NCT01273402,111In-IMP-288,"CEA, carcinoembryonic antigen, CEACAM5, CEA glycosylphosphatidylinositol-anchored glycoprotein, CD66e"
NCT00624728,18F-Fluorothymidine,"TK1, thymidine kinase 1, soluble thymidine kinase 1"
NCT06710756,203Pb-PSV359,"FAP, fibroblast activation protein alpha, FAPA, seprase, prolyl endopeptidase FAP, gelatiningase, FAPalpha"
NCT06710756,212Pb-PSV359,"FAP, fibroblast activation protein alpha, FAPA, seprase, 170 kDa melanoma membrane-bound gelatinase, FAPalpha"
NCT01125085,131I-L19SIP,"extra-domain, ED-B, oncofetal fibronectin, fibronectin extra domain B"
NCT03573986,18F-fluoromisonidazole,"hypoxia, low oxygen, tissue hypoxia, cellular hypoxia; nitroreductase, nitroreductase enzymes"
NCT07249892,BPR-6023021,"hydroxyapatite, bone mineral, crystalline calcium phosphate, bioapatite"
NCT05636618,203Pb-VMT-α-NET,"SSTR2, somatostatin receptor type 2, somatostatin receptor 2, SS2R, SRIF-2"
NCT05636618,212Pb-VMT-α-NET,"SSTR2, somatostatin receptor type 2, somatostatin receptor 2, SS2R, SRIF-1"
NCT06632977,Lutetium Lu 177 Vipivotide Tetraxetan,"PSMA, FOLH1, prostate-specific membrane antigen, glutamate carboxypeptidase II, GCPII"
NCT07110233,Yttrium-90 glass microspheres,
NCT07022080,68Ga-grazytracer,"GZME, Granzyme B, GZMB, Granzyme-2, fragmentin-2, human lymphocyte protein 2, HLP2, cytotoxic T-lymphocyte-associated serine esterase 1, CTLA1"
NCT06003556,18F-PSMA-1007,"PSMA, prostate-specific membrane antigen, FOLH1, glutamate carboxypeptidase II, GCPII, N-acetyl-L-aspartyl-L-glutamate peptidase I"
NCT04721756,18F-LY3546117,"Granzyme B, GZMB, GZMB Human, Granzyme-2, GRP, HLP, CTLA1, CSP-B, Cytotoxic T-lymphocyte proteinase 2"
NCT02577094,90Y-DOTA-Epratuzumab IgG/Epratuzumab IgG,"CD22, SIGLEC2, B-lymphocyte cell adhesion molecule, BL-CAM, sialic acid-binding Ig-like lectin 2"
NCT04194125,177Lu-DOTATOC,"SSTR, somatostatin receptor, SSTR1, SSTR2, SSTR3, SSTR4, SSTR5"
NCT06413355,F-18-FAPI-74,"FAP, fibroblast activation protein alpha, FAPA, seprase, post-prolyl purine-specific serine protease, SIMP, surface antigen IV 11, soluble FAP-alpha"
NCT01789827,Technetium Tc 99 Hydrazinonicotinamide-Tricine-linked Interleukin-2,"IL2R, interleukin-2 receptor, IL-2R, CD25; IL2RB, CD122; IL2RG, CD132"
NCT06455722,[68Ga]Ga-P15-041,"Bone mineral, hydroxyapatite, HAP, bone matrix"
NCT04518748,Yttrium-90,
NCT00432900,(11)C-PBR28,"TSPO, PBR, peripheral benzodiazepine receptor, translocator protein (18 kDa), TSPO1, benzodiazepine peripheral binding site"
NCT00790413,iodine I 131 metaiodobenzylguanidine,"SLC18A2, solute carrier family 18 member A2, VMAT2, vesicular monoamine transporter 2; SLC6A2, solute carrier family 6 member A2, NET, norepinephrine transporter"
NCT06667726,Fluorodopa F 18,"LAT1, SLC7A5, Large neutral amino acids transporter small subunit 1; LAT2, SLC7A8, Large neutral amino acids transporter small subunit 2; LAT3, SLC43A1; LAT4, SLC43A2"
NCT03703492,18F-FES,"ER, estrogen receptor, ESR1, ER-alpha, estrogen receptor alpha, estrogen receptor 1"
NCT06345001,BAY3630942,"GPC3, Glypican-3, OCI-5, SDYS, SGB, SGBS, SGBS1, MXR7"
NCT02389101,68Ga-DOTANOC,"SSTR, SSR, somatostatin receptor, somatostatin receptor 2, SSTR2, somatostatin receptor 3, SSTR3, somatostatin receptor 5, SSTR5"
NCT06241391,Ga-68 PSMA,"PSMA, FOLH1, prostate-specific membrane antigen, glutamate carboxypeptidase II, GCPII"
NCT04552847,Al18F-NOTA-octreotide,"SSTR, somatostatin receptor, SSTR1, SSTR2, SSTR3, SSTR4, SSTR5"
NCT03423082,18F Fluciclovine,"SLC1A5, ASCT2, neutral amino acid transporter 2, alanine/serine/cysteine-preferring transporter 2; SLC7A5, LAT1, L-type amino acid transporter 1"
NCT04467281,89Zr-DFO-daratumumab,"CD38, cluster of differentiation 38, cyclic ADP ribose hydrolase 1, T10"
NCT01515384,18F-AV-133,"VMAT2, vesicular monoamine transporter 2, solute carrier family 18 member 2, SLC18A2"
NCT06385652,68Ga-NB381,"CD38, cluster of differentiation 38, cyclic ADP ribose hydrolase, ADP-ribosyl cyclase 1, ADPRC 1"
NCT05209750,FAPI,"FAP, Fibroblast Activation Protein Alpha, FAPA, Seprase, Post-proline cleaving enzyme, Surface-expressed protease, SIMP, APCE"
NCT05893381,177Lu-PSMA I&T,"PSMA, FOLH1, prostate-specific membrane antigen, glutamate carboxypeptidase II, GCPII, N-acetyl-L-aspartyl-L-glutamate peptidase I, NAALADase I"
NCT03334500,18F-FluorThanatrace,"PARP1, poly [ADP-ribose] polymerase 1, NAD(+) ADP-ribosyltransferase 1, PARP-1, poly(ADP-ribose) synthase 1"
NCT02589366,Lymphoseek,"CD206, MRC1, mannose receptor, macrophage mannose receptor 1"
NCT02760199,89Zr-AMG211,"CEA, carcinoembryonic antigen, CD66e, CEACAM5, carcinoembryonic antigen-related cell adhesion molecule 5; CD3, cluster of differentiation 3, T3"
NCT04221061,18F-FluorThanatrace,"PARP, poly(ADP-ribose) polymerase, poly [ADP-ribose] polymerase 1, PARP1, PARP-1"
NCT06520449,68Ga-NTA-476,"PSMA, FOLH1, prostate-specific membrane antigen, glutamate carboxypeptidase II, GCPII"
NCT04018053,18F-fluciclovine,"SLC1A5, solute carrier family 1 member 5, ASCT2, neutral amino acid transporter; SLC7A5, solute carrier family 7 member 5, LAT1, L-type amino acid transporter 1"
NCT06206642,18F-FAPI-04,"FAP, fibroblast activation protein alpha, FAPA, seprase, surface-expressed protease"
NCT05490849,68Ga-HX01,"CD13, alanine aminopeptidase, ANPEP, aminopeptidase N, APN; alpha-v beta-3, integrin alphavbeta3, αvβ3, CD51/CD61"
NCT04663126,Tc-99m tilmanocept,"CD206, mannose receptor, MRC1, mannose receptor C-type 1, cluster of differentiation 206"
NCT06217822,225Ac-PSMA-Trillium (BAY3563254),"PSMA, prostate-specific membrane antigen, FOLH1, folate hydrolase 1, glutamate carboxypeptidase II, GCPII"
NCT04605939,68Ga-FAPI,"FAP, fibroblast activation protein alpha, FAPA, seprase, surface-expressed protease, prolyl endopeptidase FAP"
NCT07014254,177Lu-CTR-FAPI,"FAP, fibroblast activation protein alpha, FAPalpha, seprase, SIMP, prolyl endopeptidase FAP"
NCT06773663,Al18F-NOTA-Pentixafor,"CXCR4, C-X-C chemokine receptor type 4, CD184, CXC-R4, chemokine receptor 4, FB22, LESTR"
NCT04842071,18F-sodium fluoride,"hydroxyapatite, hydroxylapatite, bone mineral, calcium apatite stone"
NCT04965454,Fluorine-18 fluorocholine,"CHKA, choline kinase alpha, CK, CKA, CHK, choline kinase; CHKB, choline kinase beta, CK, CKB, CHK, choline kinase; SLC44A1, CTL1, choline transporter-like protein 1; SLC22A1, OCT1, organic cation transporter 1"
NCT00805636,18F-ML-10,"Apoptotic cells, programmed cell death, phosphatidylserine, PS"
NCT03665155,89Zr-DFO-daratumumab,"CD38, cluster of differentiation 38, cyclic ADP ribose hydrolase 1, T10"
NCT05901545,Indium In 111 Panitumumab,"EGFR, epidermal growth factor receptor, HER1, ERBB, ERBB1, mENA"
NCT04847505,68Ga-DOTA-TATE,"SSTR2, somatostatin receptor replacement 2, SSTR-2, somatostatin receptor type 2, SSR2"
NCT02287675,Lymphoseek,"CD206, mannose receptor, C-type mannose receptor 1, MR, MRC1, mannose receptor C type 1"
NCT06770478,68Ga-MY6349,"PSMA, FOLH1, prostate-specific membrane antigen, glutamate carboxypeptidase II, GCPII"
NCT00924313,C-11 Acetate,"Fatty acid synthesis, Acetate metabolism, Lipid metabolism, FASN synthesis, Acetyl-CoA synthesis"
NCT05945875,Indium In 111 Panitumumab,"EGFR, epidermal growth factor receptor, HER1, ErbB1, proto-oncogene c-ErbB-1"
NCT05945875,Panitumumab-IRDye800,"EGFR, epidermal growth factor receptor, HER1, ERBB1, proto-oncogene c-ErbB-1"
NCT04554719,68Ga-DOTA-FAPI,"FAP, fibroblast activation protein, fibroblast activation protein alpha, FAPA, prolyl endopeptidase FAP, seprase"
NCT00339131,Ultratrace iobenguane I 131,"SLC6A2, norepinephrine transporter, NET, norepinephrine carrier, solute carrier family 6 member 2"
NCT02097303,Radium Ra 223 dichloride,"Hydroxyapatite, calcium phosphate, bone mineral, crystalline bone matrix"
NCT02794675,Cesium-131,
NCT00591643,NP-59,"LDL receptor, low-density lipoprotein receptor, LDLR"
NCT04746638,99mTc-RM26,"GRPR, gastrin-releasing peptide receptor, BB2, bombesin receptor subtype 2"
NCT03242993,[18F]-AzaFol,"FOLR1, FR-alpha, folate receptor alpha, folate receptor 1, FOLR"
NCT02611882,Ga-68 HBED-CC PSMA,"PSMA, FOLH1, prostate-specific membrane antigen, glutamate carboxypeptidase II, GCPII, N-acetyl-L-aspartyl-L-glutamate peptidase I, NAALADase I"
NCT04105543,CLR 131,"PLE, phospholipid ether, lipid rafts; phospholipid ethers; alkylphosphocholines; APCs"
NCT07226986,AAA617,"PSMA, FOLH1, prostate-specific membrane antigen, glutamate carboxypeptidase II, GCPII"
NCT06101927,99mTc-BQ0413,"PSMA, FOLH1, prostate-specific membrane antigen, glutamate carboxypeptidase II, GCPII"
NCT05940298,99mTc-DB8,"GRPR, gastrin-releasing peptide receptor, BB2, bombesin receptor subtype 2"
NCT02175745,18F-fluoro-dihydroxyphenylalanine,"LAT, SLC7A5, L-type amino acid transporter 1, LAT1; SLC7A8, L-type amino acid transporter 2, LAT2; SLC18A1, vesicular monoamine transporter 1, VMAT1; SLC18A2, vesicular monoamine transporter 2, VMAT2"
NCT06834412,68Ga-Pentixafor,"CXCR4, C-X-C chemokine receptor type 4, CD184, CXC-R4, chemokine receptor 4, FB22, LESTR, NPYRL, WHIM"
NCT06147362,68Ga-NOTA-PEG2-RM26,"GRPR, gastrin-releasing peptide receptor, BB2, bombesin receptor subtype 2"
NCT04318561,Gallium-68 NODAGA-LM3,"SSTR2, somatostatin receptor type 2, SSTR, somatostatin receptor 2, SST2"
NCT04318561,Gallium-68 DOTA-LM3,"SSTR2, somatostatin receptor type 2, SSTR, somatostatin receptor 2"
NCT06690216,18F-AlF-NOTA-PCP2,"PD-L1, programmed death-ligand 1, CD274, B7-H1, B7 homolog 1"
NCT04277338,99mTc-HE3-G3,"HER2, human epidermal growth factor receptor 2, ERBB2, CD340, proto-oncogene Neu, NEU, receptor tyrosine-protein kinase erbB-2"
NCT02483884,68Ga-RM2,"GRPR, gastrin-releasing peptide receptor, BB2, bombesin receptor subtype 2"
NCT01925170,Technetium (99mTc) sestamibi,"Mitochondria, mitochondrial membrane, transmembrane potential (metabolic uptake)"
NCT02018107,N-13 ammonia,"blood flow, perfusion, myocardial blood flow, MBF, regional blood flow"
NCT02018107,F-18 fluorodeoxyglucose,"Glucose transport, glucose metabolism; GLUT, SLC2A, solute carrier family 2 member, glucose transporter member"
NCT06474806,64Cu-DOTA-AE105,"uPAR, urokinase-type plasminogen activator receptor, CD87, PLAUR, urokinase receptor"
NCT01879657,68Ga-DOTATATE,"SSTR2, somatostatin receptor 2, SS2R, SRIF-2; SSTR, somatostatin receptor"
NCT03149861,18F-DCFPyL,"PSMA, FOLH1, prostate-specific membrane antigen, glutamate carboxypeptidase II, GCPII"
NCT00620373,Technetium (99mTc) sestamibi,"Mitochondria, mitochondrial membrane, mitochondrial matrix; ABCB1, P-glycoprotein, multidrug resistance protein 1, P-gp, MDR1; ABCC1, multidrug resistance-associated protein 1, MRP1"
NCT02658968,177Lu-lilotomab satetraxetan,"CD37, cluster of differentiation 37, GP52-40, TSPAN26, tetraspanin-26"
NCT06802523,Actinium Ac 225 Lintuzumab,"CD33, Siglec-3, gp67, Cluster of Differentiation 33, Sialic acid-binding Ig-like lectin 3"
NCT03923257,177Lu-DOTA-tyr3-OCTREOTATE,"SSTR2, Somatostatin Receptor 2, SSTR, SS2R, sst2"
NCT03990285,18F-Fluciclovine,"LAT1, SLC7A5, large neutral amino acids transporter small subunit 1; ASCT1, SLC1A4, alanine/serine/cysteine/threonine transporter 1"
NCT04597125,Radium-223 dichloride,"hydroxyapatite, bone mineral, calcium phosphate, calcium hydroxyapatite"
NCT05627778,68Ga-P15-041,"hydroxyadenosine triphosphate, hydroxyapatite, HAP, bone mineral matrix, bone mineral phase"
NCT05627778,68Ga-PSMA-11,"PSMA, FOLH1, glutamate carboxypeptidase II, GCPII, prostate-specific membrane antigen"
NCT05655312,203Pb-VMT01,"MC1R, melanocortin 1 receptor, melanocyte-stimulating hormone receptor, MSH-R, MSHR, melanocortin receptor 1"
NCT05655312,212Pb-VMT01,"MC1R, melanocortin 1 receptor, melanocyte-stimulating hormone receptor, MSH receptor, CMM1, SHEP2"
NCT04927663,11C-YJH08,"GR, glucocorticoid receptor, NR3C1, nuclear receptor subfamily 3 group C member 1"
NCT04510220,F-18 PBR06,"TSPO, translocator protein, peripheral benzodiazepine receptor, PBR, benzodiazepin receptor peripheral-like 1"
NCT06386653,123I-DARPIN-Ec1,"EpCAM, epithelial cell adhesion molecule, CD326, TROP1, TACSTD1, h-EpCAM, adenocarcinoma-associated antigen"
NCT01246869,18F-fluoromisonidazole,"Hypoxia, tumor hypoxia, low oxygen tension, tissue hypoxia"
NCT01246869,18F-fluoro-2-deoxy-D-glucose,"Glucose metabolism, Hexokinase activity, GLUT transporters, Glucose uptake"
NCT05783934,18F-florbetaben,"amyloid-beta, beta-amyloid, Aβ, amyloid beta-peptide, Abeta"
NCT06880757,177Lu-FAP-2286,"FAP, fibroblast activation protein alpha, FAPα, seprase, prolyl endopeptidase FAP"
NCT04942275,Ga68-MAA,
NCT03121599,18F-FLT,"FLT, 3'-deoxy-3'-[18F]fluorothymidine, fluorothymidine; TK1, thymidine kinase 1, cytosolic thymidine kinase; DNA synthesis, cellular proliferation"
NCT06443762,68Ga MDM2/MDMX Peptide,"MDM2, murine double minute 2, HDM2, E3 ubiquitin-protein ligase Mdm2; MDM4, MDMX, murine double minute 4, protein Mdmx, protein Mdm4"
NCT04292626,99mTc-1-thio-D-glucose,"GLUT, glucose transporter, solute carrier family 2 member 1, SLC2A, facilitative glucose transporter"
NCT04288518,99mTc-1-thio-D-glucose,"GLUT, SLC2, glucose transporter, solute carrier family 2; GLUT1, SLC2A1, glucose transporter type 1"
NCT02922283,18F-FB-IL2,"IL2 receptor, interleukin-2 receptor, IL-2R, CD25, IL2R, high affinity interleukin-2 receptor"
NCT06769893,68Ga-NOTA-RCCB6,"CD70, CD70 molecule, TNFSF7, tumor necrosis factor ligand superfamily member 7, CD27L, CD27LG"
NCT03116542,18F-FLT,"TK1, Thymidine kinase 1, cytosolic thymidine kinase; DNA synthesis, cellular proliferation"
NCT05620472,99mTc-Tc(CO)3-(HE)3-Ec1,"EpCAM, epithelial cell adhesion molecule, CD326, TACSTD1, tumor-associated calcium signal transducer 1, GA733-2, M4S1, MIC18, TROPT1"
NCT05923268,99mTc-Tc-G3-(G3S)3C,"HER2, ERBB2, human epidermal growth factor receptor 2, CD340, proto-oncogene Neu"
NCT06982222,Tin Sn 117m Pentetate,"hydroxyapatite, bone mineral, calcium phosphate, bone matrix"
NCT03432949,Radium-223,"Hydroxyapatite, bone mineral, calcium phosphate, bone matrix; Calcium, Ca2+, Ca ions"
NCT00979810,18F-FLT,"TK1, thymidine kinase 1, soluble thymidine kinase 1"
NCT00613847,68Ga-F(ab')2-trastuzumab,"HER2, human epidermal growth factor receptor 2, ERBB2, CD340, proto-oncogene Neu, NEU, receptor tyrosine-protein kinase erbB-2"
NCT05672485,99mTc-P137,"PSMA, FOLH1, prostate-specific membrane antigen, glutamate carboxypeptidase II, GCPII"
NCT05923177,123I I-(HE)3-G3,"HER2, ERBB2, human epidermal growth factor receptor 2, CD340, proto-oncogene Neu"
NCT04271436,F-18 flurothymidine,"TK1, Thymidine kinase 1, soluble thymidine kinase 1"
NCT05643391,Holmium-166,
NCT05203497,99mTc-ZHER2:41071,"HER2, Human Epidermal Growth Factor Receptor 2, ERBB2, CD340, HER-2/neu, proto-oncogene Neu"
NCT07301801,68Ga-FL-031,"SSTR2, somatostatin receptor type 2, somatostatin receptor 2, SST2, SS2R"
NCT03362359,Ga-68-PSMA-11,"PSMA, FOLH1, prostate-specific membrane antigen, glutamate carboxypeptidase II, GCPII, N-acetyl-L-aspartyl-L-glutamate peptidase I, NAALADase I"
NCT02378428,131I-MIBG,"SLC6A2, norepinephrine transporter, NET, NET1, sodium-dependent noradrenaline transporter, solute carrier family 6 member 2"
NCT02437539,68Ga-NOTA-AE105,"uPAR, PLAUR, urokinase-type plasminogen activator receptor, CD87"
NCT02069080,64Cu-Plerixafor,"CXCR4, C-X-C chemokine receptor type 4, CD184, CXC-R4, chemokine receptor 4"
NCT01381211,90Y-RE,
NCT03129776,Hyperpolarized 13C-Pyruvate,"Lactate metabolism, tumor lactate; Glycolysis, Warburg effect"
NCT03129776,18F-FDG,"SLC2A1, GLUT1, glucose transporter member 1; SLC2A2, GLUT2, glucose transporter member 2; SLC2A3, GLUT3, glucose transporter member 3; SLC2A4, GLUT4, glucose transporter member 4"
NCT01237457,177Lu-DOTATATE,"SSTR, somatostatin receptor, SSTR1, SSTR2, SSTR3, SSTR4, SSTR5"
NCT02052297,GSK2634673F,"ITGB6, integrin subunit beta 6, integrin alpha(V)beta6, integrin αvβ6; ITGAV, integrin subunit alpha V, CD51, vitronectin receptor sub-unit alpha"
NCT02348749,18F-MFBG,"NET, norepinephrine transporter, SLC6A2, noradrenaline transporter, sodium-dependent noradrenaline transporter"
NCT04871217,68Ga-NODAGA-RGD,"Integrin αvβ3, alphavbeta3, αvβ3 integrin, vitronectin receptor, CD51/CD61"
NCT06233903,18F-mFBG,"norepinephrine transporter, NET, SLC6A2, noradrenaline transporter, solute carrier family 6 member 2"
NCT02022800,18F-FDOPA,"LAT, L-type amino acid transporter, LAT1, SLC7A5; LAT2, SLC7A8"
NCT04566978,89Zr-DFO-REGN3767,"LAG3, Lymphocyte-activation gene 3, CD223, Lymphocyte-activation protein 3"
NCT03276572,225Ac-J591,"PSMA, FOLH1, prostate-specific membrane antigen, glutamate carboxypeptidase II, GCPII, N-acetyl-L-aspartyl-L-glutamate peptidase I, NAALADase I"
NCT01207895,18F-Fluorodeoxythymidine,"TK1, thymidine kinase 1, soluble thymidine kinase 1; ENT1, equilibrative nucleoside transporter 1, SLC29A1"
NCT03048097,Fluorodeoxyglucose,"SLC2A1, GLUT1, glucose transporter member 1, solute carrier family 2 member 1"
NCT03048097,Rubidium,"SLC8A1, Sodium/calcium exchanger 1, NCX1; ATP1A1, Sodium/potassium-transporting ATPase subunit alpha-1, Na+/K+-ATPase"
NCT06888323,Actinium Ac 225 Lintuzumab,"CD33, Siglec-3, gp67, sialic acid-binding Ig-like lectin 3"
NCT00315731,Iodine I 131 Tositumomab,"CD20, B-lymphocyte antigen CD20, B-lymphocyte surface antigen B1, B1, Leu-16, MS4A1, membrane-spanning 4-domains subfamily A member 1"
NCT06337084,MNPR-101-DFO*-89Zr,"uPAR, PLAUR, urokinase plasminogen activator receptor, CD187, urokinase-type plasminogen activator receptor"
NCT03429387,FDG-PET/CT,
NCT04258592,18F-MFBG,"NET, norepinephrine transporter, SLC6A2, solute carrier family 6 member 2, noradrenaline transporter"
NCT04044937,F-18 Fluoroethyltyrosine (FET),"LAT1, SLC7A5, L-type amino acid transporter 1, large neutral amino acids transporter small subunit 1; LAT2, SLC7A8, L-type amino acid transporter 2, large neutral amino acids transporter small subunit 2"
NCT03069989,18F-FBA-A20FMDV2,"αvβ6, integrin alpha-v beta-6, ITGAV:ITGB6, integrin alphavbeta6"
NCT06537960,18FDG,"GLUT1, solute carrier family 2 member 1, SLC2A1, glucose transporter member 1"
NCT05079698,177Lu-PSMA-617,"PSMA, FOLH1, prostate-specific membrane antigen, glutamate carboxypeptidase II, GCPII, N-acetyl-L-aspartyl-L-glutamate peptidase I, NAALADase I"
NCT06210750,Error: 500,"BCL2, B-cell lymphoma 2, B-cell CLL/lymphoma 2; BCL-XL, B-cell lymphoma-extra large, BCL2L1, B-cell lymphoma 2-like 1"
NCT04233476,99mTc-3PRGD2,"integrin αvβ3, αvβ3 integrin, integrin alphaV beta3, CD51/CD61, vitronectin receptor"
NCT03883776,Al18F-NOTA-octreotide,"SSTR, somatostatin receptor, SSTR1, SSTR2, SSTR3, SSTR4, SSTR5"
NCT05034146,68Ga-FAPI,"FAP, fibroblast activation protein alpha, FAPA, seprase, 170 kDa melanoma-associated antigen, surface-expressing macromolecular protease"
NCT01176500,18F-Fluciclatide,"alpha(v)beta(3) integrin, integrin alpha-V beta-3, αvβ3 integrin, CD51/CD61, vitronectin receptor"
NCT02592707,177Lu-OPS201,"SSTR2, somatostatin receptor type 2, somatostatin receptor 2, SST2, SRIF-1"
NCT02592707,Satoreotide tetraxetan,"SSTR2, somatostatin receptor type 2, somatostatin receptor 2, SSR2"
NCT02236546,18F-Fluorodeoxyglucose,"GLUT1, solute carrier family 2 member 1, SLC2A1, glucose transporter member 1; hexokinase, HK1, HK2"
NCT06764316,BAY 3547926,"GPC3, glypican-3, glypican 3, GTR2-2, MXR7, OCI-5, SDYS, SGB, SGBS, SGBS1"
NCT06764316,BAY 3547922,"GPC3, Glypican 3, Glypican-3, OCI-5, SDYS, SGB, SGBS, SGBS1, MXR7, DGSX"
NCT00618696,yttrium Y 90 anti-CD45 monoclonal antibody AHN-12,"CD45, PTPRC, Protein tyrosine phosphatase receptor type C, leukocyte common antigen, LCA"
NCT06494189,Error: 500,
NCT01843049,18F-deoxyglucose (FDG),"Glut glucose transporters, GLUT1, GLUTs, SLC2A family; Hexokinase, HK1, HK2"
NCT00606424,F-18 HX4,"Hypoxia, tumor hypoxia, low oxygen tension, tissue hypoxia"
NCT04509557,177Lu-Ludotadipep,"PSMA, FOLH1, prostate-specific membrane antigen, glutamate carboxypeptidase II, GCPII"
NCT05458544,177Lu-Ludotadipep,"PSMA, FOLH1, prostate-specific membrane antigen, glutamate carboxypeptidase II, GCPII"
NCT07135128,225Ac-FAPI-XT,"FAP, fibroblast activation protein alpha, FAPA, seprase, prolyl endopeptidase FAP, 170 kDa melanoma membrane-bound gelatinase"
NCT07135102,225Ac-PSMA-XT,"PSMA, prostate-specific membrane antigen, FOLH1, folate hydrolase 1, glutamate carboxypeptidase II, GCPII, NAALADase I"
NCT03040427,F-18 florbetapir,"Amyloid-beta, beta-amyloid, Aβ, amyloid beta protein, amyloid beta peptide, Abeta"
NCT04750954,Lutetium Lu 177 Dotatate,"SSTR2, somatostatin receptor 2, SS2R, SRIF-1, sst2"
NCT04605614,Copper Cu 64-DOTA-pembrolizumab,"PD-1, programmed cell death protein 1, PD1, CD279, protein PD-1, SLEB2, systemic lupus erythematosus susceptibility 2"
NCT00110071,Iodine I 131 Tositumomab,"CD20, B-lymphocyte antigen CD20, MS4A1, B-lymphocyte surface antigen B1, Leu-16, Bp35"
NCT05567770,Actinium-J591,"PSMA, folate hydrolase 1, FOLH1, prostate-specific membrane antigen, glutamate carboxypeptidase II, GCPII"
NCT07272772,18F-FAPI-74,"FAP, fibroblast activation protein alpha, FAPA, seprase, surface-expressed protease"
NCT02602067,131I-Tenatumomab,"Tenascin-C, TNC, cytotactin, hexabrachion, JI, GP 150-225, neurocan core protein, tenascin C monobrachion"
NCT02053324,177Lu-DOTA-biotin,"AvidinOX, oxidized avidin, artificial chemical receptor (AvidinOX)"
NCT04071236,Radium Ra 223 Dichloride,"hydroxyapatite, HAP, bone mineral, calcium phosphate, Bone mineral matrix"
NCT02288507,yttrium-90 radioembolization,
NCT04525612,68Ga-BNU-PSMA,"PSMA, FOLH1, prostate-specific membrane antigen, glutamate carboxypeptidase II, GCPII, N-acetyl-L-aspartyl-L-glutamate peptidase I, NAALADase I"
NCT04499365,68Ga-DOTA/NOTA-FAPI-04,"FAP, fibroblast activation protein alpha, FAPA, seprase, FAPalpha"
NCT06157255,14C-AZD4604,"JAK1, Janus kinase 1, JAK-1, Janus kinase 1 (protein)"
NCT05417594,11C-AZ14193391,"PARP1, poly [ADP-ribose] polymerase 1, NAD(+) ADP-ribosyltransferase 1, PARP-1"
NCT04234568,Lutetium Lu 177 Dotatate,"SSTR2, somatostatin receptor 2, SSTR-2, somatostatin receptor type 2"
NCT01296204,BB4 antibody-Iodine 131,"CD138, syndecan-1, SDC1, SYND1, CD138 antigen"
NCT00645710,yttrium Y 90 anti-CEA monoclonal antibody cT84.66,"CEA, carcinoembryonic antigen, CEACAM5, CEA cell adhesion molecule 5, CD66e"
NCT03617588,Gallium-68 THP-PSMA,"PSMA, FOLH1, prostate-specific membrane antigen, glutamate carboxypeptidase II, GCPII, N-acetyl-L-aspartyl-L-glutamate peptidase I, NAALADase I"
NCT02209727,131I-Sibrotuzumab,"FAP, fibroblast activation protein alpha, FAPA, seprase, 170 kDa melanoma membrane-bound gelatinase, FAPalpha"
NCT07274852,Lutetium [177Lu] BL-ARC001,"FAP, fibroblast activation protein alpha, FAPA, seprase, surface-expressed protease"
NCT03466216,AlphaMedix,"SSTR, somatostatin receptor, SSTRs; SSTR2, somatostatin receptor type 2; SSTR5, somatostatin receptor type 5; SSTR1, somatostatin receptor type 1; SSTR3, somatostatin receptor type 3; SSTR4, somatostatin receptor type 4"
NCT07232407,Lutetium [177Lu] BL-ARC001,"FAP, fibroblast activation protein, fibroblast activation protein alpha, FAPα, seprase"
NCT06062745,18F-fluciclovine,"LAT1, SLC7A5, large neutral amino acids transporter 1; ASCT2, SLC1A5, alanine/serine/cysteine-preferring transporter 2"
NCT02139150,18F-FLT,"TK1, thymidine kinase 1, soluble thymidine kinase 1"
NCT05275946,TAH-1005,"sodium iodide symporter, NIS, solute carrier family 5 member 5, SLC5A5"
NCT03802747,Y-90 Selective Internal Radiation Therapy,
NCT04293289,SPM-011,"LAT1, SLC7A5, Large neutral amino acids transporter small subunit 1, L-type amino acid transporter 1, CD98 light chain"
NCT06768905,131I-Apamistamab,"CD45, PTPRC, protein tyrosine phosphatase receptor type C, leukocyte common antigen, LCA"
NCT00909025,Error: 500,"CLDN18.2, claudin-18 isoform 2, claudin 18.2, claudin-18.2"
NCT03300505,"NA  ""investigational_drug"": ""NA""
}",
NCT06553846,Lutetium [177Lu]-FAP-75,"FAP, fibroblast activation protein alpha, FAPA, seprase, FAPalpha, SIMP, APCE"
NCT06526832,Error: 500,
NCT04576871,225Ac-J591,"PSMA, FOLH1, prostate-specific membrane antigen, glutamate carboxypeptidase II, GCPII"
NCT06441994,At-211 PSMA-5,"PSMA, FOLH1, prostate-specific membrane antigen, glutamate carboxypeptidase II, GCPII, N-acetyl-L-aspartyl-L-glutamate peptidase I, NAALADase I"
NCT06139575,Lutetium Lu 177 JH020002,"PSMA, FOLH1, prostate-specific membrane antigen, glutamate carboxypeptidase 2, GCPII, N-acetyl-L-aspartyl-L-glutamate peptidase I, NAALADase I"
NCT05034497,186RNL,
NCT03972488,Lutathera,"SSTR2, somatostatin receptor 2, SS2R, SRT2, SSTR, somatostatin receptor"
NCT01313936,131I-MIBG,"SLC6A2, norepinephrine transporter, NET, norepinephrine carrier, solute carrier family 6 member 2"
NCT04481230,99mTc-NTP 15-5,"Proteoglycan, aggrecan, cartilage proteoglycan, chondroitin sulfate proteoglycan 1, CSPG1, CSPG CP"
NCT01747096,68Ga-DOTANOC,"SSTR, somatostatin receptor, SSTR2, SSTR3, SSTR5"
NCT04846309,FMISO,"Hypoxia, cell hypoxia, tumor hypoxia, low oxygen tension"
NCT00463463,90Yttrium Ibritumomab Tiuxetan,"CD20, B-lymphocyte antigen CD20, B-lymphocyte surface antigen B1, Bp35, Leu-16, MS4A1, membrane spanning 4-domains A1"
NCT03042468,177Lu-PSMA-617,"PSMA, FOLH1, prostate-specific membrane antigen, glutamate carboxypeptidase II, GCPII, N-acetyl-L-aspartyl-L-glutamate peptidase I, NAALADase I"
NCT03042468,68Ga-PSMA-HBED-CC,"PSMA, FOLH1, prostate-specific membrane antigen, glutamate carboxypeptidase II, GCPII, N-acetyl-L-aspartyl-L-glutamate peptidase I, NAALADase I"
NCT03803475,Ga-68 PSMA-11,"PSMA, FOLH1, prostate-specific membrane antigen, glutamate carboxypeptidase II, GCPII"
NCT06650605,123I-ATT001,"CD166, ALCAM, activated leukocyte cell adhesion molecule"
NCT00004262,motexafin gadolinium,"thioredoxin reductase, TrxR, TR, TXNRD1, TXNRD; ribonucleotide reductase, RNR"
NCT05496686,225Ac-MTI-201,"MC1R, melanocortin 1 receptor, melanocortin receptor 1, MSHR, alpha-melanocyte stimulating hormone receptor"
NCT06132737,90Y-PentixaTher,"CXCR4, C-X-C chemokine receptor type 4, CD184, CXC-R4, chemokine receptor 4, FB22, LESTR, NPY3R"
NCT07098806,186RNL,
